-- MySQL dump 10.13  Distrib 8.0.37, for Linux (x86_64)
--
-- Host: localhost    Database: recruitment
-- ------------------------------------------------------
-- Server version	8.0.37-0ubuntu0.22.04.3

/*!40101 SET @OLD_CHARACTER_SET_CLIENT=@@CHARACTER_SET_CLIENT */;
/*!40101 SET @OLD_CHARACTER_SET_RESULTS=@@CHARACTER_SET_RESULTS */;
/*!40101 SET @OLD_COLLATION_CONNECTION=@@COLLATION_CONNECTION */;
/*!50503 SET NAMES utf8mb4 */;
/*!40103 SET @OLD_TIME_ZONE=@@TIME_ZONE */;
/*!40103 SET TIME_ZONE='+00:00' */;
/*!40014 SET @OLD_UNIQUE_CHECKS=@@UNIQUE_CHECKS, UNIQUE_CHECKS=0 */;
/*!40014 SET @OLD_FOREIGN_KEY_CHECKS=@@FOREIGN_KEY_CHECKS, FOREIGN_KEY_CHECKS=0 */;
/*!40101 SET @OLD_SQL_MODE=@@SQL_MODE, SQL_MODE='NO_AUTO_VALUE_ON_ZERO' */;
/*!40111 SET @OLD_SQL_NOTES=@@SQL_NOTES, SQL_NOTES=0 */;

--
-- Current Database: `recruitment`
--

CREATE DATABASE /*!32312 IF NOT EXISTS*/ `recruitment` /*!40100 DEFAULT CHARACTER SET utf8mb4 COLLATE utf8mb4_0900_ai_ci */ /*!80016 DEFAULT ENCRYPTION='N' */;

USE `recruitment`;

--
-- Table structure for table `activities`
--

DROP TABLE IF EXISTS `activities`;
/*!40101 SET @saved_cs_client     = @@character_set_client */;
/*!50503 SET character_set_client = utf8mb4 */;
CREATE TABLE `activities` (
  `id` bigint unsigned NOT NULL AUTO_INCREMENT,
  `candidate_id` bigint unsigned NOT NULL,
  `resume_id` bigint unsigned DEFAULT NULL,
  `organization` varchar(100) COLLATE utf8mb4_unicode_ci DEFAULT NULL,
  `role` varchar(100) COLLATE utf8mb4_unicode_ci DEFAULT NULL,
  `is_present` tinyint(1) DEFAULT NULL,
  `start_date` date DEFAULT NULL,
  `end_date` date DEFAULT NULL,
  `description` text COLLATE utf8mb4_unicode_ci,
  `link` text COLLATE utf8mb4_unicode_ci,
  PRIMARY KEY (`id`)
) ENGINE=InnoDB AUTO_INCREMENT=69 DEFAULT CHARSET=utf8mb4 COLLATE=utf8mb4_unicode_ci;
/*!40101 SET character_set_client = @saved_cs_client */;

--
-- Dumping data for table `activities`
--

LOCK TABLES `activities` WRITE;
/*!40000 ALTER TABLE `activities` DISABLE KEYS */;
INSERT INTO `activities` VALUES (1,101,NULL,'Đội sinh viên tình nguyện','Tình nguyện viên',0,'2023-03-20','2023-06-20','Hỗ trợ giấy tờ cho ban tổ chức',NULL),(2,102,NULL,'Đội sinh viên tình nguyện','Tình nguyện viên',0,'2023-03-20','2023-06-20','Hỗ trợ giấy tờ cho ban tổ chức',NULL),(3,103,NULL,'Đội sinh viên tình nguyện','Tình nguyện viên',0,'2023-03-20','2023-06-20','Hỗ trợ giấy tờ cho ban tổ chức',NULL),(4,104,NULL,'Đội sinh viên tình nguyện','Tình nguyện viên',0,'2023-03-20','2023-06-20','Hỗ trợ giấy tờ cho ban tổ chức',NULL),(5,105,NULL,'Đội sinh viên tình nguyện','Tình nguyện viên',0,'2023-03-20','2023-06-20','Hỗ trợ giấy tờ cho ban tổ chức',NULL),(6,106,NULL,'Đội sinh viên tình nguyện','Tình nguyện viên',0,'2023-03-20','2023-06-20','Hỗ trợ giấy tờ cho ban tổ chức',NULL),(7,107,NULL,'Đội sinh viên tình nguyện','Tình nguyện viên',0,'2023-03-20','2023-06-20','Hỗ trợ giấy tờ cho ban tổ chức',NULL),(8,108,NULL,'Đội sinh viên tình nguyện','Tình nguyện viên',0,'2023-03-20','2023-06-20','Hỗ trợ giấy tờ cho ban tổ chức',NULL),(9,109,NULL,'Đội sinh viên tình nguyện','Tình nguyện viên',0,'2023-03-20','2023-06-20','Hỗ trợ giấy tờ cho ban tổ chức',NULL),(10,110,NULL,'Đội sinh viên tình nguyện','Tình nguyện viên',0,'2023-03-20','2023-06-20','Hỗ trợ giấy tờ cho ban tổ chức',NULL),(11,111,NULL,'Đội sinh viên tình nguyện','Tình nguyện viên',0,'2023-03-20','2023-06-20','Hỗ trợ giấy tờ cho ban tổ chức',NULL),(12,112,NULL,'Đội sinh viên tình nguyện','Tình nguyện viên',0,'2023-03-20','2023-06-20','Hỗ trợ giấy tờ cho ban tổ chức',NULL),(13,113,NULL,'Đội sinh viên tình nguyện','Tình nguyện viên',0,'2023-03-20','2023-06-20','Hỗ trợ giấy tờ cho ban tổ chức',NULL),(14,114,NULL,'Đội sinh viên tình nguyện','Tình nguyện viên',0,'2023-03-20','2023-06-20','Hỗ trợ giấy tờ cho ban tổ chức',NULL),(15,115,NULL,'Đội sinh viên tình nguyện','Tình nguyện viên',0,'2023-03-20','2023-06-20','Hỗ trợ giấy tờ cho ban tổ chức',NULL),(16,116,NULL,'Đội sinh viên tình nguyện','Tình nguyện viên',0,'2023-03-20','2023-06-20','Hỗ trợ giấy tờ cho ban tổ chức',NULL),(17,117,NULL,'Đội sinh viên tình nguyện','Tình nguyện viên',0,'2023-03-20','2023-06-20','Hỗ trợ giấy tờ cho ban tổ chức',NULL),(18,118,NULL,'Đội sinh viên tình nguyện','Tình nguyện viên',0,'2023-03-20','2023-06-20','Hỗ trợ giấy tờ cho ban tổ chức',NULL),(19,119,NULL,'Đội sinh viên tình nguyện','Tình nguyện viên',0,'2023-03-20','2023-06-20','Hỗ trợ giấy tờ cho ban tổ chức',NULL),(20,120,NULL,'Đội sinh viên tình nguyện','Tình nguyện viên',0,'2023-03-20','2023-06-20','Hỗ trợ giấy tờ cho ban tổ chức',NULL),(21,121,NULL,'Đội sinh viên tình nguyện','Tình nguyện viên',0,'2023-03-20','2023-06-20','Hỗ trợ giấy tờ cho ban tổ chức',NULL),(22,122,NULL,'Đội sinh viên tình nguyện','Tình nguyện viên',0,'2023-03-20','2023-06-20','Hỗ trợ giấy tờ cho ban tổ chức',NULL),(23,123,NULL,'Đội sinh viên tình nguyện','Tình nguyện viên',0,'2023-03-20','2023-06-20','Hỗ trợ giấy tờ cho ban tổ chức',NULL),(24,124,NULL,'Đội sinh viên tình nguyện','Tình nguyện viên',0,'2023-03-20','2023-06-20','Hỗ trợ giấy tờ cho ban tổ chức',NULL),(25,125,NULL,'Đội sinh viên tình nguyện','Tình nguyện viên',0,'2023-03-20','2023-06-20','Hỗ trợ giấy tờ cho ban tổ chức',NULL),(26,126,NULL,'Đội sinh viên tình nguyện','Tình nguyện viên',0,'2023-03-20','2023-06-20','Hỗ trợ giấy tờ cho ban tổ chức',NULL),(27,127,NULL,'Đội sinh viên tình nguyện','Tình nguyện viên',0,'2023-03-20','2023-06-20','Hỗ trợ giấy tờ cho ban tổ chức',NULL),(28,128,NULL,'Đội sinh viên tình nguyện','Tình nguyện viên',0,'2023-03-20','2023-06-20','Hỗ trợ giấy tờ cho ban tổ chức',NULL),(29,129,NULL,'Đội sinh viên tình nguyện','Tình nguyện viên',0,'2023-03-20','2023-06-20','Hỗ trợ giấy tờ cho ban tổ chức',NULL),(30,130,NULL,'Đội sinh viên tình nguyện','Tình nguyện viên',0,'2023-03-20','2023-06-20','Hỗ trợ giấy tờ cho ban tổ chức',NULL),(31,131,NULL,'Đội sinh viên tình nguyện','Tình nguyện viên',0,'2023-03-20','2023-06-20','Hỗ trợ giấy tờ cho ban tổ chức',NULL),(32,132,NULL,'Đội sinh viên tình nguyện','Tình nguyện viên',0,'2023-03-20','2023-06-20','Hỗ trợ giấy tờ cho ban tổ chức',NULL),(33,133,NULL,'Đội sinh viên tình nguyện','Tình nguyện viên',0,'2023-03-20','2023-06-20','Hỗ trợ giấy tờ cho ban tổ chức',NULL),(34,134,NULL,'Đội sinh viên tình nguyện','Tình nguyện viên',0,'2023-03-20','2023-06-20','Hỗ trợ giấy tờ cho ban tổ chức',NULL),(35,101,1,'Đội sinh viên tình nguyện','Tình nguyện viên',0,'2023-03-20','2023-06-20','Hỗ trợ giấy tờ cho ban tổ chức',NULL),(36,102,2,'Đội sinh viên tình nguyện','Tình nguyện viên',0,'2023-03-20','2023-06-20','Hỗ trợ giấy tờ cho ban tổ chức',NULL),(37,103,3,'Đội sinh viên tình nguyện','Tình nguyện viên',0,'2023-03-20','2023-06-20','Hỗ trợ giấy tờ cho ban tổ chức',NULL),(38,104,4,'Đội sinh viên tình nguyện','Tình nguyện viên',0,'2023-03-20','2023-06-20','Hỗ trợ giấy tờ cho ban tổ chức',NULL),(39,105,5,'Đội sinh viên tình nguyện','Tình nguyện viên',0,'2023-03-20','2023-06-20','Hỗ trợ giấy tờ cho ban tổ chức',NULL),(40,106,6,'Đội sinh viên tình nguyện','Tình nguyện viên',0,'2023-03-20','2023-06-20','Hỗ trợ giấy tờ cho ban tổ chức',NULL),(41,107,7,'Đội sinh viên tình nguyện','Tình nguyện viên',0,'2023-03-20','2023-06-20','Hỗ trợ giấy tờ cho ban tổ chức',NULL),(42,108,8,'Đội sinh viên tình nguyện','Tình nguyện viên',0,'2023-03-20','2023-06-20','Hỗ trợ giấy tờ cho ban tổ chức',NULL),(43,109,9,'Đội sinh viên tình nguyện','Tình nguyện viên',0,'2023-03-20','2023-06-20','Hỗ trợ giấy tờ cho ban tổ chức',NULL),(44,110,10,'Đội sinh viên tình nguyện','Tình nguyện viên',0,'2023-03-20','2023-06-20','Hỗ trợ giấy tờ cho ban tổ chức',NULL),(45,111,11,'Đội sinh viên tình nguyện','Tình nguyện viên',0,'2023-03-20','2023-06-20','Hỗ trợ giấy tờ cho ban tổ chức',NULL),(46,112,12,'Đội sinh viên tình nguyện','Tình nguyện viên',0,'2023-03-20','2023-06-20','Hỗ trợ giấy tờ cho ban tổ chức',NULL),(47,113,13,'Đội sinh viên tình nguyện','Tình nguyện viên',0,'2023-03-20','2023-06-20','Hỗ trợ giấy tờ cho ban tổ chức',NULL),(48,114,14,'Đội sinh viên tình nguyện','Tình nguyện viên',0,'2023-03-20','2023-06-20','Hỗ trợ giấy tờ cho ban tổ chức',NULL),(49,115,15,'Đội sinh viên tình nguyện','Tình nguyện viên',0,'2023-03-20','2023-06-20','Hỗ trợ giấy tờ cho ban tổ chức',NULL),(50,116,16,'Đội sinh viên tình nguyện','Tình nguyện viên',0,'2023-03-20','2023-06-20','Hỗ trợ giấy tờ cho ban tổ chức',NULL),(51,117,17,'Đội sinh viên tình nguyện','Tình nguyện viên',0,'2023-03-20','2023-06-20','Hỗ trợ giấy tờ cho ban tổ chức',NULL),(52,118,18,'Đội sinh viên tình nguyện','Tình nguyện viên',0,'2023-03-20','2023-06-20','Hỗ trợ giấy tờ cho ban tổ chức',NULL),(53,119,19,'Đội sinh viên tình nguyện','Tình nguyện viên',0,'2023-03-20','2023-06-20','Hỗ trợ giấy tờ cho ban tổ chức',NULL),(54,120,20,'Đội sinh viên tình nguyện','Tình nguyện viên',0,'2023-03-20','2023-06-20','Hỗ trợ giấy tờ cho ban tổ chức',NULL),(55,121,21,'Đội sinh viên tình nguyện','Tình nguyện viên',0,'2023-03-20','2023-06-20','Hỗ trợ giấy tờ cho ban tổ chức',NULL),(56,122,22,'Đội sinh viên tình nguyện','Tình nguyện viên',0,'2023-03-20','2023-06-20','Hỗ trợ giấy tờ cho ban tổ chức',NULL),(57,123,23,'Đội sinh viên tình nguyện','Tình nguyện viên',0,'2023-03-20','2023-06-20','Hỗ trợ giấy tờ cho ban tổ chức',NULL),(58,124,24,'Đội sinh viên tình nguyện','Tình nguyện viên',0,'2023-03-20','2023-06-20','Hỗ trợ giấy tờ cho ban tổ chức',NULL),(59,125,25,'Đội sinh viên tình nguyện','Tình nguyện viên',0,'2023-03-20','2023-06-20','Hỗ trợ giấy tờ cho ban tổ chức',NULL),(60,126,26,'Đội sinh viên tình nguyện','Tình nguyện viên',0,'2023-03-20','2023-06-20','Hỗ trợ giấy tờ cho ban tổ chức',NULL),(61,127,27,'Đội sinh viên tình nguyện','Tình nguyện viên',0,'2023-03-20','2023-06-20','Hỗ trợ giấy tờ cho ban tổ chức',NULL),(62,128,28,'Đội sinh viên tình nguyện','Tình nguyện viên',0,'2023-03-20','2023-06-20','Hỗ trợ giấy tờ cho ban tổ chức',NULL),(63,129,29,'Đội sinh viên tình nguyện','Tình nguyện viên',0,'2023-03-20','2023-06-20','Hỗ trợ giấy tờ cho ban tổ chức',NULL),(64,130,30,'Đội sinh viên tình nguyện','Tình nguyện viên',0,'2023-03-20','2023-06-20','Hỗ trợ giấy tờ cho ban tổ chức',NULL),(65,131,31,'Đội sinh viên tình nguyện','Tình nguyện viên',0,'2023-03-20','2023-06-20','Hỗ trợ giấy tờ cho ban tổ chức',NULL),(66,132,32,'Đội sinh viên tình nguyện','Tình nguyện viên',0,'2023-03-20','2023-06-20','Hỗ trợ giấy tờ cho ban tổ chức',NULL),(67,133,33,'Đội sinh viên tình nguyện','Tình nguyện viên',0,'2023-03-20','2023-06-20','Hỗ trợ giấy tờ cho ban tổ chức',NULL),(68,134,34,'Đội sinh viên tình nguyện','Tình nguyện viên',0,'2023-03-20','2023-06-20','Hỗ trợ giấy tờ cho ban tổ chức',NULL);
/*!40000 ALTER TABLE `activities` ENABLE KEYS */;
UNLOCK TABLES;

--
-- Table structure for table `candidate_bookmark_detail`
--

DROP TABLE IF EXISTS `candidate_bookmark_detail`;
/*!40101 SET @saved_cs_client     = @@character_set_client */;
/*!50503 SET character_set_client = utf8mb4 */;
CREATE TABLE `candidate_bookmark_detail` (
  `candidate_bookmark_id` bigint unsigned NOT NULL,
  `job_id` bigint unsigned NOT NULL,
  PRIMARY KEY (`candidate_bookmark_id`,`job_id`)
) ENGINE=InnoDB DEFAULT CHARSET=utf8mb4 COLLATE=utf8mb4_unicode_ci;
/*!40101 SET character_set_client = @saved_cs_client */;

--
-- Dumping data for table `candidate_bookmark_detail`
--

LOCK TABLES `candidate_bookmark_detail` WRITE;
/*!40000 ALTER TABLE `candidate_bookmark_detail` DISABLE KEYS */;
/*!40000 ALTER TABLE `candidate_bookmark_detail` ENABLE KEYS */;
UNLOCK TABLES;

--
-- Table structure for table `candidate_bookmarks`
--

DROP TABLE IF EXISTS `candidate_bookmarks`;
/*!40101 SET @saved_cs_client     = @@character_set_client */;
/*!50503 SET character_set_client = utf8mb4 */;
CREATE TABLE `candidate_bookmarks` (
  `id` bigint unsigned NOT NULL AUTO_INCREMENT,
  `employer_id` bigint unsigned NOT NULL,
  `candidate_id` bigint unsigned NOT NULL,
  `is_send_noti` tinyint(1) NOT NULL DEFAULT '0',
  `resume_link` text COLLATE utf8mb4_unicode_ci,
  `is_deleted` tinyint(1) NOT NULL DEFAULT '0',
  `created_at` timestamp NULL DEFAULT NULL,
  `updated_at` timestamp NULL DEFAULT NULL,
  PRIMARY KEY (`id`)
) ENGINE=InnoDB DEFAULT CHARSET=utf8mb4 COLLATE=utf8mb4_unicode_ci;
/*!40101 SET character_set_client = @saved_cs_client */;

--
-- Dumping data for table `candidate_bookmarks`
--

LOCK TABLES `candidate_bookmarks` WRITE;
/*!40000 ALTER TABLE `candidate_bookmarks` DISABLE KEYS */;
/*!40000 ALTER TABLE `candidate_bookmarks` ENABLE KEYS */;
UNLOCK TABLES;

--
-- Table structure for table `candidate_messages`
--

DROP TABLE IF EXISTS `candidate_messages`;
/*!40101 SET @saved_cs_client     = @@character_set_client */;
/*!50503 SET character_set_client = utf8mb4 */;
CREATE TABLE `candidate_messages` (
  `id` bigint unsigned NOT NULL AUTO_INCREMENT,
  `candidate_id` bigint unsigned NOT NULL,
  `job_id` bigint unsigned DEFAULT NULL,
  `name` varchar(255) COLLATE utf8mb4_unicode_ci NOT NULL,
  `title` varchar(255) COLLATE utf8mb4_unicode_ci DEFAULT NULL,
  `content` text COLLATE utf8mb4_unicode_ci,
  `isRead` tinyint(1) NOT NULL DEFAULT '0',
  `created_at` timestamp NULL DEFAULT NULL,
  `updated_at` timestamp NULL DEFAULT NULL,
  PRIMARY KEY (`id`)
) ENGINE=InnoDB DEFAULT CHARSET=utf8mb4 COLLATE=utf8mb4_unicode_ci;
/*!40101 SET character_set_client = @saved_cs_client */;

--
-- Dumping data for table `candidate_messages`
--

LOCK TABLES `candidate_messages` WRITE;
/*!40000 ALTER TABLE `candidate_messages` DISABLE KEYS */;
/*!40000 ALTER TABLE `candidate_messages` ENABLE KEYS */;
UNLOCK TABLES;

--
-- Table structure for table `candidate_skill`
--

DROP TABLE IF EXISTS `candidate_skill`;
/*!40101 SET @saved_cs_client     = @@character_set_client */;
/*!50503 SET character_set_client = utf8mb4 */;
CREATE TABLE `candidate_skill` (
  `candidate_id` bigint unsigned NOT NULL,
  `jskill_id` bigint unsigned NOT NULL,
  PRIMARY KEY (`candidate_id`,`jskill_id`)
) ENGINE=InnoDB DEFAULT CHARSET=utf8mb4 COLLATE=utf8mb4_unicode_ci;
/*!40101 SET character_set_client = @saved_cs_client */;

--
-- Dumping data for table `candidate_skill`
--

LOCK TABLES `candidate_skill` WRITE;
/*!40000 ALTER TABLE `candidate_skill` DISABLE KEYS */;
/*!40000 ALTER TABLE `candidate_skill` ENABLE KEYS */;
UNLOCK TABLES;

--
-- Table structure for table `candidates`
--

DROP TABLE IF EXISTS `candidates`;
/*!40101 SET @saved_cs_client     = @@character_set_client */;
/*!50503 SET character_set_client = utf8mb4 */;
CREATE TABLE `candidates` (
  `id` bigint unsigned NOT NULL,
  `user_id` bigint unsigned NOT NULL,
  `firstname` varchar(40) COLLATE utf8mb4_unicode_ci NOT NULL,
  `lastname` varchar(20) COLLATE utf8mb4_unicode_ci NOT NULL,
  `gender` tinyint unsigned DEFAULT NULL,
  `dob` date DEFAULT NULL,
  `phone` char(10) COLLATE utf8mb4_unicode_ci DEFAULT NULL,
  `email` varchar(255) COLLATE utf8mb4_unicode_ci NOT NULL,
  `address` varchar(255) COLLATE utf8mb4_unicode_ci DEFAULT NULL,
  `location_id` bigint unsigned DEFAULT NULL,
  `link` text COLLATE utf8mb4_unicode_ci,
  `avatar` text COLLATE utf8mb4_unicode_ci,
  `avatar_url` text COLLATE utf8mb4_unicode_ci,
  `objective` text COLLATE utf8mb4_unicode_ci,
  `desired_job` varchar(100) COLLATE utf8mb4_unicode_ci DEFAULT NULL,
  `desired_industry_id` bigint unsigned DEFAULT NULL,
  `desired_jtype_id` bigint unsigned DEFAULT NULL,
  `desired_jlevel_id` bigint unsigned DEFAULT NULL,
  `desired_min_salary` int unsigned DEFAULT NULL,
  `desired_max_salary` int unsigned DEFAULT NULL,
  `job_yoe` tinyint unsigned DEFAULT NULL,
  `public_resume_id` bigint unsigned DEFAULT NULL,
  `created_at` timestamp NULL DEFAULT NULL,
  `updated_at` timestamp NULL DEFAULT NULL,
  PRIMARY KEY (`id`)
) ENGINE=InnoDB DEFAULT CHARSET=utf8mb4 COLLATE=utf8mb4_unicode_ci;
/*!40101 SET character_set_client = @saved_cs_client */;

--
-- Dumping data for table `candidates`
--

LOCK TABLES `candidates` WRITE;
/*!40000 ALTER TABLE `candidates` DISABLE KEYS */;
INSERT INTO `candidates` VALUES (101,101,'Văn Phú','Trần',0,'2001-01-08','0333333335','tranphudhak@gmail.com','Gia Lâm, Hà Nội',1,'https://github.com/',NULL,NULL,'Lập trình viên Web chuyên nghiệp','PHP Web Developer',1,3,1,3,5,1,1,'2024-07-08 13:44:42','2024-07-08 13:46:20'),(102,102,'Mai Lan','Trần',1,'2001-01-08','0333333335','tranphudhak@gmail.com','Gia Lâm, Hà Nội',1,'https://github.com/',NULL,NULL,'Lập trình viên Web chuyên nghiệp','PHP Web Developer',1,3,1,3,5,1,2,'2024-07-08 13:44:42','2024-07-08 13:44:42'),(103,103,'Văn B','Trần',0,'2001-01-08','0333333335','tranphudhak@gmail.com','Gia Lâm, Hà Nội',1,'https://github.com/',NULL,NULL,'Lập trình viên Web chuyên nghiệp','PHP Web Developer',1,3,1,3,5,0,3,'2024-07-08 13:44:42','2024-07-08 13:44:42'),(104,104,'Mai Phương','Trần',1,'1997-01-08','0333333335','tranphudhak@gmail.com','Gia Lâm, Hà Nội',1,'https://github.com/',NULL,NULL,'Lập trình viên Web chuyên nghiệp','PHP Web Developer',1,3,1,3,5,0,4,'2024-07-08 13:44:42','2024-07-08 13:44:42'),(105,105,'Văn Du','Trần',0,'1998-01-08','0333333335','tranphudhak@gmail.com','Gia Lâm, Hà Nội',1,'https://github.com/',NULL,NULL,'Lập trình viên Web chuyên nghiệp','PHP Web Developer',1,3,1,3,5,1,5,'2024-07-08 13:44:42','2024-07-08 13:44:42'),(106,106,'Văn Em','Trần',0,'2001-01-08','0333333335','tranphudhak@gmail.com','Gia Lâm, Hà Nội',1,'https://github.com/',NULL,NULL,'Lập trình viên Web chuyên nghiệp','PHP Web Developer',1,3,1,3,5,2,6,'2024-07-08 13:44:42','2024-07-08 13:44:42'),(107,107,'Văn Phượng','Trần',0,'1997-01-08','0333333335','tranphudhak@gmail.com','Gia Lâm, Hà Nội',1,'https://github.com/',NULL,NULL,'Lập trình viên Web chuyên nghiệp','PHP Web Developer',1,3,1,3,5,1,7,'2024-07-08 13:44:42','2024-07-08 13:44:42'),(108,108,'Văn Giáp','Trần',0,'2001-01-08','0333333335','tranphudhak@gmail.com','Gia Lâm, Hà Nội',1,'https://github.com/',NULL,NULL,'Lập trình viên Web chuyên nghiệp','PHP Web Developer',1,3,1,3,5,2,8,'2024-07-08 13:44:42','2024-07-08 13:44:42'),(109,109,'Mai Hằng','Trần',1,'2001-01-08','0333333335','tranphudhak@gmail.com','Gia Lâm, Hà Nội',1,'https://github.com/',NULL,NULL,'Lập trình viên Web chuyên nghiệp','PHP Web Developer',1,3,1,3,5,1,9,'2024-07-08 13:44:42','2024-07-08 13:44:42'),(110,110,'Văn Nam','Trần',0,'2001-01-08','0333333335','tranphudhak@gmail.com','Gia Lâm, Hà Nội',1,'https://github.com/',NULL,NULL,'Lập trình viên Web chuyên nghiệp','PHP Web Developer',1,3,1,3,5,2,10,'2024-07-08 13:44:42','2024-07-08 13:44:42'),(111,111,'Văn Ba','Trần',0,'2001-01-08','0333333335','tranphudhak@gmail.com','Gia Lâm, Hà Nội',1,'https://github.com/',NULL,NULL,'Lập trình viên Web chuyên nghiệp','PHP Web Developer',1,3,1,3,5,1,11,'2024-07-08 13:44:42','2024-07-08 13:44:42'),(112,112,'Thị An','Nguyễn',1,'2001-01-08','0333333335','tranphudhak@gmail.com','Gia Lâm, Hà Nội',1,'https://github.com/',NULL,NULL,'Lập trình viên Web chuyên nghiệp','Fullstack Web Developer',1,1,2,10,15,3,12,'2024-07-08 13:44:42','2024-07-08 13:44:42'),(113,113,'Văn Bôn','Nguyễn',0,'2001-01-08','0333333335','tranphudhak@gmail.com','Gia Lâm, Hà Nội',1,'https://github.com/',NULL,NULL,'Lập trình viên Web chuyên nghiệp','Fullstack Web Developer',1,1,2,10,15,3,13,'2024-07-08 13:44:42','2024-07-08 13:44:42'),(114,114,'Văn Chung','Nguyễn',0,'2001-01-08','0333333335','tranphudhak@gmail.com','Gia Lâm, Hà Nội',1,'https://github.com/',NULL,NULL,'Lập trình viên Web chuyên nghiệp','Fullstack Web Developer',1,1,2,10,15,3,14,'2024-07-08 13:44:42','2024-07-08 13:44:42'),(115,115,'Thị Diệu','Nguyễn',1,'2001-01-08','0333333335','tranphudhak@gmail.com','Gia Lâm, Hà Nội',1,'https://github.com/',NULL,NULL,'Lập trình viên Web chuyên nghiệp','Fullstack Web Developer',1,1,2,10,15,3,15,'2024-07-08 13:44:42','2024-07-08 13:44:42'),(116,116,'Văn Khải','Nguyễn',0,'2001-01-08','0333333335','tranphudhak@gmail.com','Gia Lâm, Hà Nội',1,'https://github.com/',NULL,NULL,'Lập trình viên Web chuyên nghiệp','Fullstack Web Developer',1,1,2,10,15,3,16,'2024-07-08 13:44:42','2024-07-08 13:44:42'),(117,117,'Văn Khang','Nguyễn',0,'2001-01-08','0333333335','tranphudhak@gmail.com','Gia Lâm, Hà Nội',1,'https://github.com/',NULL,NULL,'Lập trình viên Web chuyên nghiệp','Fullstack Web Developer',1,1,2,10,15,3,17,'2024-07-08 13:44:42','2024-07-08 13:44:42'),(118,118,'Thị Dung','Nguyễn',1,'2001-01-08','0333333335','tranphudhak@gmail.com','Gia Lâm, Hà Nội',1,'https://github.com/',NULL,NULL,'Lập trình viên Web chuyên nghiệp','Fullstack Web Developer',1,1,2,10,15,3,18,'2024-07-08 13:44:42','2024-07-08 13:44:42'),(119,119,'Văn Hoàng','Nguyễn',0,'2001-01-08','0333333335','tranphudhak@gmail.com','Gia Lâm, Hà Nội',1,'https://github.com/',NULL,NULL,'Lập trình viên Web chuyên nghiệp','Fullstack Web Developer',1,1,2,10,15,3,19,'2024-07-08 13:44:42','2024-07-08 13:44:42'),(120,120,'Văn Ân','Phạm',0,'2001-01-08','0333333335','tranphudhak@gmail.com','Gia Lâm, Hà Nội',1,'https://github.com/',NULL,NULL,'Chuyên viên tuyển dụng chuyên nghiệp','Chuyên viên tuyển dụng',5,1,2,6,10,1,20,'2024-07-08 13:44:42','2024-07-08 13:44:42'),(121,121,'Thị Bưởi','Phạm',1,'2001-01-08','0333333335','tranphudhak@gmail.com','Gia Lâm, Hà Nội',1,'https://github.com/',NULL,NULL,'Chuyên viên tuyển dụng chuyên nghiệp','Chuyên viên tuyển dụng',5,1,2,6,10,1,21,'2024-07-08 13:44:42','2024-07-08 13:44:42'),(122,122,'Thị Cúc','Phạm',1,'2001-01-08','0333333335','tranphudhak@gmail.com','Gia Lâm, Hà Nội',1,'https://github.com/',NULL,NULL,'Chuyên viên tuyển dụng chuyên nghiệp','Chuyên viên tuyển dụng',5,1,2,6,10,1,22,'2024-07-08 13:44:42','2024-07-08 13:44:42'),(123,123,'Thị Duyên','Phạm',1,'2001-01-08','0333333335','tranphudhak@gmail.com','Gia Lâm, Hà Nội',1,'https://github.com/',NULL,NULL,'Chuyên viên tuyển dụng chuyên nghiệp','Chuyên viên tuyển dụng',5,1,2,6,10,1,23,'2024-07-08 13:44:42','2024-07-08 13:44:42'),(124,124,'Văn Hải','Phạm',0,'2001-01-08','0333333335','tranphudhak@gmail.com','Gia Lâm, Hà Nội',1,'https://github.com/',NULL,NULL,'Chuyên viên tuyển dụng chuyên nghiệp','Chuyên viên tuyển dụng',5,1,2,6,10,1,24,'2024-07-08 13:44:42','2024-07-08 13:44:42'),(125,125,'Văn Hiệp','Phạm',0,'2001-01-08','0333333335','tranphudhak@gmail.com','Gia Lâm, Hà Nội',1,'https://github.com/',NULL,NULL,'Chuyên viên tuyển dụng chuyên nghiệp','Chuyên viên tuyển dụng',5,1,2,6,10,1,25,'2024-07-08 13:44:42','2024-07-08 13:44:42'),(126,126,'Thị Mai','Phạm',1,'2001-01-08','0333333335','tranphudhak@gmail.com','Gia Lâm, Hà Nội',1,'https://github.com/',NULL,NULL,'Chuyên viên tuyển dụng chuyên nghiệp','Chuyên viên tuyển dụng',5,1,2,6,10,1,26,'2024-07-08 13:44:42','2024-07-08 13:44:42'),(127,127,'Thị Hồng','Phạm',1,'2001-01-08','0333333335','tranphudhak@gmail.com','Gia Lâm, Hà Nội',1,'https://github.com/',NULL,NULL,'Chuyên viên tuyển dụng chuyên nghiệp','Chuyên viên tuyển dụng',5,1,2,6,10,1,27,'2024-07-08 13:44:42','2024-07-08 13:44:42'),(128,128,'Văn An','Ngô',0,'2001-01-08','0333333335','tranphudhak@gmail.com','Quận 2, Hồ Chí Minh',2,'https://github.com/',NULL,NULL,'Lập trình viên Web chuyên nghiệp','PHP Web Developer',1,3,1,3,5,1,28,'2024-07-08 13:44:42','2024-07-08 13:44:42'),(129,129,'Văn Lộc','Ngô',0,'2001-01-08','0333333335','tranphudhak@gmail.com','Quận 2, Hồ Chí Minh',2,'https://github.com/',NULL,NULL,'Lập trình viên Web chuyên nghiệp','PHP Web Developer',1,3,1,3,5,1,29,'2024-07-08 13:44:42','2024-07-08 13:44:42'),(130,130,'Văn Cao','Ngô',0,'2001-01-08','0333333335','tranphudhak@gmail.com','Gia Lâm, Hà Nội',1,'https://github.com/',NULL,NULL,'Lập trình viên Web chuyên nghiệp','Fullstack Web Developer',1,1,2,10,15,3,30,'2024-07-08 13:44:42','2024-07-08 13:44:42'),(131,131,'Văn Dũng','Ngô',0,'2001-01-08','0333333335','tranphudhak@gmail.com','Gia Lâm, Hà Nội',1,'https://github.com/',NULL,NULL,'Lập trình viên Web chuyên nghiệp','Fullstack Web Developer',1,1,2,10,15,3,31,'2024-07-08 13:44:42','2024-07-08 13:44:42'),(132,132,'Thị Xuyến','Ngô',1,'2001-01-08','0333333335','tranphudhak@gmail.com','Gia Lâm, Hà Nội',1,'https://github.com/',NULL,NULL,'Chuyên viên tuyển dụng chuyên nghiệp','Chuyên viên tuyển dụng',5,1,2,6,10,1,32,'2024-07-08 13:44:42','2024-07-08 13:44:42'),(133,133,'Thị Hằng','Ngô',1,'2001-01-08','0333333335','tranphudhak@gmail.com','Gia Lâm, Hà Nội',1,'https://github.com/',NULL,NULL,'Chuyên viên tuyển dụng chuyên nghiệp','Chuyên viên tuyển dụng',5,1,2,6,10,1,33,'2024-07-08 13:44:42','2024-07-08 13:44:42'),(134,134,'Thị Lan','Ngô',1,'2001-01-08','0333333335','tranphudhak@gmail.com','Quận 2, Hồ Chí Minh',2,'https://github.com/',NULL,NULL,'Lập trình viên Web chuyên nghiệp','Fullstack Web Developer',1,3,1,3,5,1,34,'2024-07-08 13:44:42','2024-07-08 13:44:42'),(201,201,'Văn Quân','Doãn',0,'2001-01-08','0333333335','emailaddress@gmail.com','Long Biên, Hà Nội',1,'https://github.com/',NULL,NULL,'Lập trình viên Web chuyên nghiệp','PHP Web Developer',1,3,1,3,5,1,NULL,'2024-07-08 13:44:42','2024-07-08 13:44:42'),(202,202,'Văn Ba','Doãn',0,'2001-01-08','0333333335','emailaddress@gmail.com','Long Biên, Hà Nội',1,'https://github.com/',NULL,NULL,'Lập trình viên Web chuyên nghiệp','PHP Web Developer',1,3,1,3,5,1,NULL,'2024-07-08 13:44:42','2024-07-08 13:44:42'),(203,203,'Văn Cường','Doãn',0,'2001-01-08','0333333335','emailaddress@gmail.com','Long Biên, Hà Nội',1,'https://github.com/',NULL,NULL,'Lập trình viên Web chuyên nghiệp','PHP Web Developer',1,3,1,3,5,1,NULL,'2024-07-08 13:44:42','2024-07-08 13:44:42'),(204,204,'Văn Cao','Doãn',0,'2001-01-08','0333333335','emailaddress@gmail.com','Long Biên, Hà Nội',1,'https://github.com/',NULL,NULL,'Lập trình viên Web chuyên nghiệp','PHP Web Developer',1,3,1,3,5,1,NULL,'2024-07-08 13:44:42','2024-07-08 13:44:42'),(205,205,'Văn Dương','Doãn',0,'2001-01-08','0333333335','emailaddress@gmail.com','Long Biên, Hà Nội',1,'https://github.com/',NULL,NULL,'Lập trình viên Web chuyên nghiệp','PHP Web Developer',1,3,1,3,5,1,NULL,'2024-07-08 13:44:42','2024-07-08 13:44:42'),(206,206,'Văn Yên','Doãn',0,'2001-01-08','0333333335','emailaddress@gmail.com','Long Biên, Hà Nội',1,'https://github.com/',NULL,NULL,'Lập trình viên Web chuyên nghiệp','PHP Web Developer',1,3,1,3,5,1,NULL,'2024-07-08 13:44:42','2024-07-08 13:44:42'),(207,207,'Văn Phương','Doãn',0,'2001-01-08','0333333335','emailaddress@gmail.com','Long Biên, Hà Nội',1,'https://github.com/',NULL,NULL,'Lập trình viên Web chuyên nghiệp','PHP Web Developer',1,3,1,3,5,1,NULL,'2024-07-08 13:44:42','2024-07-08 13:44:42'),(208,208,'Văn Giang','Doãn',0,'2001-01-08','0333333335','emailaddress@gmail.com','Long Biên, Hà Nội',1,'https://github.com/',NULL,NULL,'Lập trình viên Web chuyên nghiệp','PHP Web Developer',1,3,1,3,5,1,NULL,'2024-07-08 13:44:42','2024-07-08 13:44:42'),(209,209,'Văn Hà','Doãn',0,'2001-01-08','0333333335','emailaddress@gmail.com','Long Biên, Hà Nội',1,'https://github.com/',NULL,NULL,'Lập trình viên Web chuyên nghiệp','PHP Web Developer',1,3,1,3,5,1,NULL,'2024-07-08 13:44:42','2024-07-08 13:44:42'),(210,210,'Văn Giảng','Doãn',0,'2001-01-08','0333333335','emailaddress@gmail.com','Long Biên, Hà Nội',1,'https://github.com/',NULL,NULL,'Lập trình viên Web chuyên nghiệp','PHP Web Developer',1,3,1,3,5,1,NULL,'2024-07-08 13:44:42','2024-07-08 13:44:42'),(211,211,'Văn Tiên','Doãn',0,'2001-01-08','0333333335','emailaddress@gmail.com','Long Biên, Hà Nội',1,'https://github.com/',NULL,NULL,'Lập trình viên Web chuyên nghiệp','PHP Web Developer',1,3,1,3,5,1,NULL,'2024-07-08 13:44:42','2024-07-08 13:44:42'),(212,212,'Văn Kiên','Doãn',0,'2001-01-08','0333333335','emailaddress@gmail.com','Long Biên, Hà Nội',1,'https://github.com/',NULL,NULL,'Lập trình viên Web chuyên nghiệp','PHP Web Developer',1,3,1,3,5,1,NULL,'2024-07-08 13:44:42','2024-07-08 13:44:42'),(213,213,'Văn Long','Doãn',0,'2001-01-08','0333333335','emailaddress@gmail.com','Long Biên, Hà Nội',1,'https://github.com/',NULL,NULL,'Lập trình viên Web chuyên nghiệp','PHP Web Developer',1,3,1,3,5,1,NULL,'2024-07-08 13:44:42','2024-07-08 13:44:42'),(214,214,'Văn Mạnh','Doãn',0,'2001-01-08','0333333335','emailaddress@gmail.com','Long Biên, Hà Nội',1,'https://github.com/',NULL,NULL,'Lập trình viên Web chuyên nghiệp','PHP Web Developer',1,3,1,3,5,1,NULL,'2024-07-08 13:44:42','2024-07-08 13:44:42'),(215,215,'Văn Nam','Doãn',0,'2001-01-08','0333333335','emailaddress@gmail.com','Long Biên, Hà Nội',1,'https://github.com/',NULL,NULL,'Lập trình viên Web chuyên nghiệp','PHP Web Developer',1,3,1,3,5,1,NULL,'2024-07-08 13:44:42','2024-07-08 13:44:42'),(216,216,'Văn Minh','Doãn',0,'2001-01-08','0333333335','emailaddress@gmail.com','Long Biên, Hà Nội',1,'https://github.com/',NULL,NULL,'Lập trình viên Web chuyên nghiệp','PHP Web Developer',1,3,1,3,5,1,NULL,'2024-07-08 13:44:42','2024-07-08 13:44:42'),(217,217,'Văn Phong','Doãn',0,'2001-01-08','0333333335','emailaddress@gmail.com','Long Biên, Hà Nội',1,'https://github.com/',NULL,NULL,'Lập trình viên Web chuyên nghiệp','PHP Web Developer',1,3,1,3,5,1,NULL,'2024-07-08 13:44:42','2024-07-08 13:44:42'),(218,218,'Văn Quang','Doãn',0,'2001-01-08','0333333335','emailaddress@gmail.com','Long Biên, Hà Nội',1,'https://github.com/',NULL,NULL,'Lập trình viên Web chuyên nghiệp','PHP Web Developer',1,3,1,3,5,1,NULL,'2024-07-08 13:44:42','2024-07-08 13:44:42'),(219,219,'Văn Ty','Doãn',0,'2001-01-08','0333333335','emailaddress@gmail.com','Long Biên, Hà Nội',1,'https://github.com/',NULL,NULL,'Lập trình viên Web chuyên nghiệp','PHP Web Developer',1,3,1,3,5,1,NULL,'2024-07-08 13:44:42','2024-07-08 13:44:42'),(220,220,'Văn Sao','Doãn',0,'2001-01-08','0333333335','emailaddress@gmail.com','Long Biên, Hà Nội',1,'https://github.com/',NULL,NULL,'Lập trình viên Web chuyên nghiệp','PHP Web Developer',1,3,1,3,5,1,NULL,'2024-07-08 13:44:42','2024-07-08 13:44:42'),(221,221,'Văn Tùng','Doãn',0,'2001-01-08','0333333335','emailaddress@gmail.com','Long Biên, Hà Nội',1,'https://github.com/',NULL,NULL,'Lập trình viên Web chuyên nghiệp','PHP Web Developer',1,3,1,3,5,1,NULL,'2024-07-08 13:44:42','2024-07-08 13:44:42'),(222,222,'Văn Uông','Doãn',0,'2001-01-08','0333333335','emailaddress@gmail.com','Long Biên, Hà Nội',1,'https://github.com/',NULL,NULL,'Lập trình viên Web chuyên nghiệp','PHP Web Developer',1,3,1,3,5,1,NULL,'2024-07-08 13:44:42','2024-07-08 13:44:42'),(223,223,'Văn Vy','Doãn',0,'2001-01-08','0333333335','emailaddress@gmail.com','Long Biên, Hà Nội',1,'https://github.com/',NULL,NULL,'Lập trình viên Web chuyên nghiệp','PHP Web Developer',1,3,1,3,5,1,NULL,'2024-07-08 13:44:42','2024-07-08 13:44:42'),(224,224,'Văn Việt','Doãn',0,'2001-01-08','0333333335','emailaddress@gmail.com','Long Biên, Hà Nội',1,'https://github.com/',NULL,NULL,'Lập trình viên Web chuyên nghiệp','PHP Web Developer',1,3,1,3,5,1,NULL,'2024-07-08 13:44:42','2024-07-08 13:44:42'),(225,225,'Văn Trọng','Doãn',0,'2001-01-08','0333333335','emailaddress@gmail.com','Long Biên, Hà Nội',1,'https://github.com/',NULL,NULL,'Lập trình viên Web chuyên nghiệp','PHP Web Developer',1,3,1,3,5,1,NULL,'2024-07-08 13:44:42','2024-07-08 13:44:42'),(226,226,'Văn Khánh','Doãn',0,'2001-01-08','0333333335','emailaddress@gmail.com','Long Biên, Hà Nội',1,'https://github.com/',NULL,NULL,'Lập trình viên Web chuyên nghiệp','PHP Web Developer',1,3,1,3,5,1,NULL,'2024-07-08 13:44:42','2024-07-08 13:44:42');
/*!40000 ALTER TABLE `candidates` ENABLE KEYS */;
UNLOCK TABLES;

--
-- Table structure for table `certificates`
--

DROP TABLE IF EXISTS `certificates`;
/*!40101 SET @saved_cs_client     = @@character_set_client */;
/*!50503 SET character_set_client = utf8mb4 */;
CREATE TABLE `certificates` (
  `id` bigint unsigned NOT NULL AUTO_INCREMENT,
  `candidate_id` bigint unsigned NOT NULL,
  `resume_id` bigint unsigned DEFAULT NULL,
  `name` varchar(100) COLLATE utf8mb4_unicode_ci DEFAULT NULL,
  `receive_date` date DEFAULT NULL,
  `expire_date` date DEFAULT NULL,
  `image` text COLLATE utf8mb4_unicode_ci,
  PRIMARY KEY (`id`)
) ENGINE=InnoDB AUTO_INCREMENT=75 DEFAULT CHARSET=utf8mb4 COLLATE=utf8mb4_unicode_ci;
/*!40101 SET character_set_client = @saved_cs_client */;

--
-- Dumping data for table `certificates`
--

LOCK TABLES `certificates` WRITE;
/*!40000 ALTER TABLE `certificates` DISABLE KEYS */;
INSERT INTO `certificates` VALUES (1,101,NULL,'TOEIC 700','2021-09-25',NULL,NULL),(2,101,NULL,'Tiếng Nhật N3','2022-09-25',NULL,NULL),(3,102,NULL,'TOEIC 700','2021-09-25',NULL,NULL),(4,102,NULL,'Tiếng Nhật N3','2022-09-25',NULL,NULL),(5,103,NULL,'TOEIC 700','2021-09-25',NULL,NULL),(6,103,NULL,'Tiếng Nhật N3','2022-09-25',NULL,NULL),(7,104,NULL,'TOEIC 700','2021-09-25',NULL,NULL),(8,105,NULL,'TOEIC 700','2021-09-25',NULL,NULL),(9,106,NULL,'TOEIC 700','2021-09-25',NULL,NULL),(10,107,NULL,'TOEIC 700','2021-09-25',NULL,NULL),(11,108,NULL,'TOEIC 700','2021-09-25',NULL,NULL),(12,109,NULL,'TOEIC 700','2021-09-25',NULL,NULL),(13,110,NULL,'TOEIC 700','2021-09-25',NULL,NULL),(14,111,NULL,'TOEIC 700','2021-09-25',NULL,NULL),(15,112,NULL,'TOEIC 700','2021-09-25',NULL,NULL),(16,113,NULL,'TOEIC 700','2021-09-25',NULL,NULL),(17,114,NULL,'TOEIC 700','2021-09-25',NULL,NULL),(18,115,NULL,'TOEIC 700','2021-09-25',NULL,NULL),(19,116,NULL,'TOEIC 700','2021-09-25',NULL,NULL),(20,117,NULL,'TOEIC 700','2021-09-25',NULL,NULL),(21,118,NULL,'TOEIC 700','2021-09-25',NULL,NULL),(22,119,NULL,'TOEIC 700','2021-09-25',NULL,NULL),(23,120,NULL,'TOEIC 700','2021-09-25',NULL,NULL),(24,121,NULL,'TOEIC 700','2021-09-25',NULL,NULL),(25,122,NULL,'TOEIC 700','2021-09-25',NULL,NULL),(26,123,NULL,'TOEIC 700','2021-09-25',NULL,NULL),(27,124,NULL,'TOEIC 700','2021-09-25',NULL,NULL),(28,125,NULL,'TOEIC 700','2021-09-25',NULL,NULL),(29,126,NULL,'TOEIC 700','2021-09-25',NULL,NULL),(30,127,NULL,'TOEIC 700','2021-09-25',NULL,NULL),(31,128,NULL,'TOEIC 700','2021-09-25',NULL,NULL),(32,129,NULL,'TOEIC 700','2021-09-25',NULL,NULL),(33,130,NULL,'TOEIC 700','2021-09-25',NULL,NULL),(34,131,NULL,'TOEIC 700','2021-09-25',NULL,NULL),(35,132,NULL,'TOEIC 700','2021-09-25',NULL,NULL),(36,133,NULL,'TOEIC 700','2021-09-25',NULL,NULL),(37,134,NULL,'TOEIC 700','2021-09-25',NULL,NULL),(38,101,1,'TOEIC 700','2021-09-25',NULL,NULL),(39,101,1,'Tiếng Nhật N3','2022-09-25',NULL,NULL),(40,102,2,'TOEIC 700','2021-09-25',NULL,NULL),(41,102,2,'Tiếng Nhật N3','2022-09-25',NULL,NULL),(42,103,3,'TOEIC 700','2021-09-25',NULL,NULL),(43,103,3,'Tiếng Nhật N3','2022-09-25',NULL,NULL),(44,104,4,'TOEIC 700','2021-09-25',NULL,NULL),(45,105,5,'TOEIC 700','2021-09-25',NULL,NULL),(46,106,6,'TOEIC 700','2021-09-25',NULL,NULL),(47,107,7,'TOEIC 700','2021-09-25',NULL,NULL),(48,108,8,'TOEIC 700','2021-09-25',NULL,NULL),(49,109,9,'TOEIC 700','2021-09-25',NULL,NULL),(50,110,10,'TOEIC 700','2021-09-25',NULL,NULL),(51,111,11,'TOEIC 700','2021-09-25',NULL,NULL),(52,112,12,'TOEIC 700','2021-09-25',NULL,NULL),(53,113,13,'TOEIC 700','2021-09-25',NULL,NULL),(54,114,14,'TOEIC 700','2021-09-25',NULL,NULL),(55,115,15,'TOEIC 700','2021-09-25',NULL,NULL),(56,116,16,'TOEIC 700','2021-09-25',NULL,NULL),(57,117,17,'TOEIC 700','2021-09-25',NULL,NULL),(58,118,18,'TOEIC 700','2021-09-25',NULL,NULL),(59,119,19,'TOEIC 700','2021-09-25',NULL,NULL),(60,120,20,'TOEIC 700','2021-09-25',NULL,NULL),(61,121,21,'TOEIC 700','2021-09-25',NULL,NULL),(62,122,22,'TOEIC 700','2021-09-25',NULL,NULL),(63,123,23,'TOEIC 700','2021-09-25',NULL,NULL),(64,124,24,'TOEIC 700','2021-09-25',NULL,NULL),(65,125,25,'TOEIC 700','2021-09-25',NULL,NULL),(66,126,26,'TOEIC 700','2021-09-25',NULL,NULL),(67,127,27,'TOEIC 700','2021-09-25',NULL,NULL),(68,128,28,'TOEIC 700','2021-09-25',NULL,NULL),(69,129,29,'TOEIC 700','2021-09-25',NULL,NULL),(70,130,30,'TOEIC 700','2021-09-25',NULL,NULL),(71,131,31,'TOEIC 700','2021-09-25',NULL,NULL),(72,132,32,'TOEIC 700','2021-09-25',NULL,NULL),(73,133,33,'TOEIC 700','2021-09-25',NULL,NULL),(74,134,34,'TOEIC 700','2021-09-25',NULL,NULL);
/*!40000 ALTER TABLE `certificates` ENABLE KEYS */;
UNLOCK TABLES;

--
-- Table structure for table `educations`
--

DROP TABLE IF EXISTS `educations`;
/*!40101 SET @saved_cs_client     = @@character_set_client */;
/*!50503 SET character_set_client = utf8mb4 */;
CREATE TABLE `educations` (
  `id` bigint unsigned NOT NULL AUTO_INCREMENT,
  `candidate_id` bigint unsigned NOT NULL,
  `resume_id` bigint unsigned DEFAULT NULL,
  `school` varchar(100) COLLATE utf8mb4_unicode_ci DEFAULT NULL,
  `major` varchar(100) COLLATE utf8mb4_unicode_ci DEFAULT NULL,
  `start_date` date DEFAULT NULL,
  `end_date` date DEFAULT NULL,
  `description` text COLLATE utf8mb4_unicode_ci,
  PRIMARY KEY (`id`)
) ENGINE=InnoDB AUTO_INCREMENT=75 DEFAULT CHARSET=utf8mb4 COLLATE=utf8mb4_unicode_ci;
/*!40101 SET character_set_client = @saved_cs_client */;

--
-- Dumping data for table `educations`
--

LOCK TABLES `educations` WRITE;
/*!40000 ALTER TABLE `educations` DISABLE KEYS */;
INSERT INTO `educations` VALUES (1,101,NULL,'Trường THPT Ân Thi',NULL,'2016-09-09','2019-06-09',NULL),(2,101,NULL,'Đại học Bách khoa Hà Nội','Công nghệ thông tin','2019-09-09','2024-08-09','Học chuyên ngành CNTT Việt Nhật'),(3,102,NULL,'Trường THPT Ân Thi',NULL,'2016-09-09','2019-06-09',NULL),(4,102,NULL,'Đại học Bách khoa Hà Nội','Công nghệ thông tin','2019-09-09','2024-08-09','Học chuyên ngành CNTT Việt Nhật'),(5,103,NULL,'Trường THPT Ân Thi',NULL,'2016-09-09','2019-06-09',NULL),(6,103,NULL,'Đại học Bách khoa Hà Nội','Công nghệ thông tin','2019-09-09','2024-08-09','Học chuyên ngành CNTT Việt Nhật'),(7,104,NULL,'Đại học Bách khoa Hà Nội','Công nghệ thông tin','2019-09-09','2024-08-09','Học chuyên ngành CNTT Việt Nhật'),(8,105,NULL,'Đại học Bách khoa Hà Nội','Công nghệ thông tin','2019-09-09','2024-08-09','Học chuyên ngành CNTT Việt Nhật'),(9,106,NULL,'Đại học Bách khoa Hà Nội','Công nghệ thông tin','2019-09-09','2024-08-09','Học chuyên ngành CNTT Việt Nhật'),(10,107,NULL,'Đại học Bách khoa Hà Nội','Công nghệ thông tin','2019-09-09','2024-08-09','Học chuyên ngành CNTT Việt Nhật'),(11,108,NULL,'Đại học Bách khoa Hà Nội','Công nghệ thông tin','2019-09-09','2024-08-09','Học chuyên ngành CNTT Việt Nhật'),(12,109,NULL,'Đại học Bách khoa Hà Nội','Công nghệ thông tin','2019-09-09','2024-08-09','Học chuyên ngành CNTT Việt Nhật'),(13,110,NULL,'Đại học Bách khoa Hà Nội','Công nghệ thông tin','2019-09-09','2024-08-09','Học chuyên ngành CNTT Việt Nhật'),(14,111,NULL,'Đại học Bách khoa Hà Nội','Công nghệ thông tin','2019-09-09','2024-08-09','Học chuyên ngành CNTT Việt Nhật'),(15,112,NULL,'Đại học Bách khoa Hà Nội','Công nghệ thông tin','2019-09-09','2024-08-09','Học chuyên ngành CNTT Việt Nhật'),(16,113,NULL,'Đại học Bách khoa Hà Nội','Công nghệ thông tin','2019-09-09','2024-08-09','Học chuyên ngành CNTT Việt Nhật'),(17,114,NULL,'Đại học Bách khoa Hà Nội','Công nghệ thông tin','2019-09-09','2024-08-09','Học chuyên ngành CNTT Việt Nhật'),(18,115,NULL,'Đại học Bách khoa Hà Nội','Công nghệ thông tin','2019-09-09','2024-08-09','Học chuyên ngành CNTT Việt Nhật'),(19,116,NULL,'Đại học Bách khoa Hà Nội','Công nghệ thông tin','2019-09-09','2024-08-09','Học chuyên ngành CNTT Việt Nhật'),(20,117,NULL,'Đại học Bách khoa Hà Nội','Công nghệ thông tin','2019-09-09','2024-08-09','Học chuyên ngành CNTT Việt Nhật'),(21,118,NULL,'Đại học Bách khoa Hà Nội','Công nghệ thông tin','2019-09-09','2024-08-09','Học chuyên ngành CNTT Việt Nhật'),(22,119,NULL,'Đại học Bách khoa Hà Nội','Công nghệ thông tin','2019-09-09','2024-08-09','Học chuyên ngành CNTT Việt Nhật'),(23,120,NULL,'Đại học Bách khoa Hà Nội','Công nghệ thông tin','2019-09-09','2024-08-09','Học chuyên ngành CNTT Việt Nhật'),(24,121,NULL,'Đại học Bách khoa Hà Nội','Công nghệ thông tin','2019-09-09','2024-08-09','Học chuyên ngành CNTT Việt Nhật'),(25,122,NULL,'Đại học Bách khoa Hà Nội','Công nghệ thông tin','2019-09-09','2024-08-09','Học chuyên ngành CNTT Việt Nhật'),(26,123,NULL,'Đại học Bách khoa Hà Nội','Công nghệ thông tin','2019-09-09','2024-08-09','Học chuyên ngành CNTT Việt Nhật'),(27,124,NULL,'Đại học Bách khoa Hà Nội','Công nghệ thông tin','2019-09-09','2024-08-09','Học chuyên ngành CNTT Việt Nhật'),(28,125,NULL,'Đại học Bách khoa Hà Nội','Công nghệ thông tin','2019-09-09','2024-08-09','Học chuyên ngành CNTT Việt Nhật'),(29,126,NULL,'Đại học Bách khoa Hà Nội','Công nghệ thông tin','2019-09-09','2024-08-09','Học chuyên ngành CNTT Việt Nhật'),(30,127,NULL,'Đại học Bách khoa Hà Nội','Công nghệ thông tin','2019-09-09','2024-08-09','Học chuyên ngành CNTT Việt Nhật'),(31,128,NULL,'Đại học Bách khoa Hà Nội','Công nghệ thông tin','2019-09-09','2024-08-09','Học chuyên ngành CNTT Việt Nhật'),(32,129,NULL,'Đại học Bách khoa Hà Nội','Công nghệ thông tin','2019-09-09','2024-08-09','Học chuyên ngành CNTT Việt Nhật'),(33,130,NULL,'Đại học Bách khoa Hà Nội','Công nghệ thông tin','2019-09-09','2024-08-09','Học chuyên ngành CNTT Việt Nhật'),(34,131,NULL,'Đại học Bách khoa Hà Nội','Công nghệ thông tin','2019-09-09','2024-08-09','Học chuyên ngành CNTT Việt Nhật'),(35,132,NULL,'Đại học Bách khoa Hà Nội','Công nghệ thông tin','2019-09-09','2024-08-09','Học chuyên ngành CNTT Việt Nhật'),(36,133,NULL,'Đại học Bách khoa Hà Nội','Công nghệ thông tin','2019-09-09','2024-08-09','Học chuyên ngành CNTT Việt Nhật'),(37,134,NULL,'Đại học Bách khoa Hà Nội','Công nghệ thông tin','2019-09-09','2024-08-09','Học chuyên ngành CNTT Việt Nhật'),(38,101,1,'Trường THPT Ân Thi',NULL,'2016-09-09','2019-06-09',NULL),(39,101,1,'Đại học Bách khoa Hà Nội','Công nghệ thông tin','2019-09-09','2024-08-09','Học chuyên ngành CNTT Việt Nhật'),(40,102,2,'Trường THPT Ân Thi',NULL,'2016-09-09','2019-06-09',NULL),(41,102,2,'Đại học Bách khoa Hà Nội','Công nghệ thông tin','2019-09-09','2024-08-09','Học chuyên ngành CNTT Việt Nhật'),(42,103,3,'Trường THPT Ân Thi',NULL,'2016-09-09','2019-06-09',NULL),(43,103,3,'Đại học Bách khoa Hà Nội','Công nghệ thông tin','2019-09-09','2024-08-09','Học chuyên ngành CNTT Việt Nhật'),(44,104,4,'Đại học Bách khoa Hà Nội','Công nghệ thông tin','2019-09-09','2024-08-09','Học chuyên ngành CNTT Việt Nhật'),(45,105,5,'Đại học Bách khoa Hà Nội','Công nghệ thông tin','2019-09-09','2024-08-09','Học chuyên ngành CNTT Việt Nhật'),(46,106,6,'Đại học Bách khoa Hà Nội','Công nghệ thông tin','2019-09-09','2024-08-09','Học chuyên ngành CNTT Việt Nhật'),(47,107,7,'Đại học Bách khoa Hà Nội','Công nghệ thông tin','2019-09-09','2024-08-09','Học chuyên ngành CNTT Việt Nhật'),(48,108,8,'Đại học Bách khoa Hà Nội','Công nghệ thông tin','2019-09-09','2024-08-09','Học chuyên ngành CNTT Việt Nhật'),(49,109,9,'Đại học Bách khoa Hà Nội','Công nghệ thông tin','2019-09-09','2024-08-09','Học chuyên ngành CNTT Việt Nhật'),(50,110,10,'Đại học Bách khoa Hà Nội','Công nghệ thông tin','2019-09-09','2024-08-09','Học chuyên ngành CNTT Việt Nhật'),(51,111,11,'Đại học Bách khoa Hà Nội','Công nghệ thông tin','2019-09-09','2024-08-09','Học chuyên ngành CNTT Việt Nhật'),(52,112,12,'Đại học Bách khoa Hà Nội','Công nghệ thông tin','2019-09-09','2024-08-09','Học chuyên ngành CNTT Việt Nhật'),(53,113,13,'Đại học Bách khoa Hà Nội','Công nghệ thông tin','2019-09-09','2024-08-09','Học chuyên ngành CNTT Việt Nhật'),(54,114,14,'Đại học Bách khoa Hà Nội','Công nghệ thông tin','2019-09-09','2024-08-09','Học chuyên ngành CNTT Việt Nhật'),(55,115,15,'Đại học Bách khoa Hà Nội','Công nghệ thông tin','2019-09-09','2024-08-09','Học chuyên ngành CNTT Việt Nhật'),(56,116,16,'Đại học Bách khoa Hà Nội','Công nghệ thông tin','2019-09-09','2024-08-09','Học chuyên ngành CNTT Việt Nhật'),(57,117,17,'Đại học Bách khoa Hà Nội','Công nghệ thông tin','2019-09-09','2024-08-09','Học chuyên ngành CNTT Việt Nhật'),(58,118,18,'Đại học Bách khoa Hà Nội','Công nghệ thông tin','2019-09-09','2024-08-09','Học chuyên ngành CNTT Việt Nhật'),(59,119,19,'Đại học Bách khoa Hà Nội','Công nghệ thông tin','2019-09-09','2024-08-09','Học chuyên ngành CNTT Việt Nhật'),(60,120,20,'Đại học Bách khoa Hà Nội','Công nghệ thông tin','2019-09-09','2024-08-09','Học chuyên ngành CNTT Việt Nhật'),(61,121,21,'Đại học Bách khoa Hà Nội','Công nghệ thông tin','2019-09-09','2024-08-09','Học chuyên ngành CNTT Việt Nhật'),(62,122,22,'Đại học Bách khoa Hà Nội','Công nghệ thông tin','2019-09-09','2024-08-09','Học chuyên ngành CNTT Việt Nhật'),(63,123,23,'Đại học Bách khoa Hà Nội','Công nghệ thông tin','2019-09-09','2024-08-09','Học chuyên ngành CNTT Việt Nhật'),(64,124,24,'Đại học Bách khoa Hà Nội','Công nghệ thông tin','2019-09-09','2024-08-09','Học chuyên ngành CNTT Việt Nhật'),(65,125,25,'Đại học Bách khoa Hà Nội','Công nghệ thông tin','2019-09-09','2024-08-09','Học chuyên ngành CNTT Việt Nhật'),(66,126,26,'Đại học Bách khoa Hà Nội','Công nghệ thông tin','2019-09-09','2024-08-09','Học chuyên ngành CNTT Việt Nhật'),(67,127,27,'Đại học Bách khoa Hà Nội','Công nghệ thông tin','2019-09-09','2024-08-09','Học chuyên ngành CNTT Việt Nhật'),(68,128,28,'Đại học Bách khoa Hà Nội','Công nghệ thông tin','2019-09-09','2024-08-09','Học chuyên ngành CNTT Việt Nhật'),(69,129,29,'Đại học Bách khoa Hà Nội','Công nghệ thông tin','2019-09-09','2024-08-09','Học chuyên ngành CNTT Việt Nhật'),(70,130,30,'Đại học Bách khoa Hà Nội','Công nghệ thông tin','2019-09-09','2024-08-09','Học chuyên ngành CNTT Việt Nhật'),(71,131,31,'Đại học Bách khoa Hà Nội','Công nghệ thông tin','2019-09-09','2024-08-09','Học chuyên ngành CNTT Việt Nhật'),(72,132,32,'Đại học Bách khoa Hà Nội','Công nghệ thông tin','2019-09-09','2024-08-09','Học chuyên ngành CNTT Việt Nhật'),(73,133,33,'Đại học Bách khoa Hà Nội','Công nghệ thông tin','2019-09-09','2024-08-09','Học chuyên ngành CNTT Việt Nhật'),(74,134,34,'Đại học Bách khoa Hà Nội','Công nghệ thông tin','2019-09-09','2024-08-09','Học chuyên ngành CNTT Việt Nhật');
/*!40000 ALTER TABLE `educations` ENABLE KEYS */;
UNLOCK TABLES;

--
-- Table structure for table `employer_location`
--

DROP TABLE IF EXISTS `employer_location`;
/*!40101 SET @saved_cs_client     = @@character_set_client */;
/*!50503 SET character_set_client = utf8mb4 */;
CREATE TABLE `employer_location` (
  `employer_id` bigint unsigned NOT NULL,
  `location_id` bigint unsigned NOT NULL,
  PRIMARY KEY (`employer_id`,`location_id`)
) ENGINE=InnoDB DEFAULT CHARSET=utf8mb4 COLLATE=utf8mb4_unicode_ci;
/*!40101 SET character_set_client = @saved_cs_client */;

--
-- Dumping data for table `employer_location`
--

LOCK TABLES `employer_location` WRITE;
/*!40000 ALTER TABLE `employer_location` DISABLE KEYS */;
INSERT INTO `employer_location` VALUES (11,1),(12,1),(13,1),(14,1),(15,1),(16,1),(17,1),(18,2),(19,2),(20,2),(21,2),(22,2),(23,4),(24,1),(25,1),(26,2),(27,1),(28,2),(29,1),(30,1),(31,1);
/*!40000 ALTER TABLE `employer_location` ENABLE KEYS */;
UNLOCK TABLES;

--
-- Table structure for table `employers`
--

DROP TABLE IF EXISTS `employers`;
/*!40101 SET @saved_cs_client     = @@character_set_client */;
/*!50503 SET character_set_client = utf8mb4 */;
CREATE TABLE `employers` (
  `id` bigint unsigned NOT NULL,
  `user_id` bigint unsigned NOT NULL,
  `name` varchar(150) COLLATE utf8mb4_unicode_ci NOT NULL,
  `tax_code` varchar(20) COLLATE utf8mb4_unicode_ci DEFAULT NULL,
  `address` varchar(255) COLLATE utf8mb4_unicode_ci DEFAULT NULL,
  `min_employees` int unsigned DEFAULT NULL,
  `max_employees` int unsigned DEFAULT NULL,
  `contact_name` varchar(60) COLLATE utf8mb4_unicode_ci DEFAULT NULL,
  `phone` varchar(15) COLLATE utf8mb4_unicode_ci DEFAULT NULL,
  `website` varchar(255) COLLATE utf8mb4_unicode_ci DEFAULT NULL,
  `description` longtext COLLATE utf8mb4_unicode_ci,
  `logo` text COLLATE utf8mb4_unicode_ci,
  `image` text COLLATE utf8mb4_unicode_ci,
  `latitude` double unsigned DEFAULT NULL,
  `longitude` double unsigned DEFAULT NULL,
  `created_at` timestamp NULL DEFAULT NULL,
  `updated_at` timestamp NULL DEFAULT NULL,
  PRIMARY KEY (`id`)
) ENGINE=InnoDB DEFAULT CHARSET=utf8mb4 COLLATE=utf8mb4_unicode_ci;
/*!40101 SET character_set_client = @saved_cs_client */;

--
-- Dumping data for table `employers`
--

LOCK TABLES `employers` WRITE;
/*!40000 ALTER TABLE `employers` DISABLE KEYS */;
INSERT INTO `employers` VALUES (11,11,'CÔNG TY CỔ PHẦN DỊCH VỤ TRUYỀN THÔNG ĐA PHƯƠNG TIỆN VIỆT NAM',NULL,'Số 4A, B18 Yên Lãng, Phường Thịnh Quang, Quận Đống Đa, Thành phố Hà Nội, Việt Nam',25,99,'Trần Hồng Ngọc','0333333333',NULL,NULL,NULL,NULL,21.011024,105.814989,'2024-07-08 13:44:42','2024-07-08 13:44:42'),(12,12,'Công ty TNHH Netbase Outsourcing',NULL,'Tầng 03, Số nhà 25, Tập thể Sư Đoàn 361, Phường Yên Hoà, Quận Cầu Giấy, TP Hà Nội, Việt Nam',25,99,'Trần Hồng Ngọc','0333333333','https://netbasejsc.com/','Công ty Netbase Outsourcing chuyên hoạt động trong lĩnh vực gia công phần mềm, web app, website uy tín trên thị trường nước ngoài. Chúng tôi đã phục vụ cho hơn 2100+ khách hàng Châu Âu, Châu Á, Bắc Mỹ… qua website www.cmsmart.net chuyên bán các sản phẩm TMĐT dựa trên Mã nguồn mở, website www.netbasejsc.com chuyên cung cấp dịch vụ gia công và giá trị gia tăng cho TMĐT, website www.printcart.com là kênh chợ trung gian dành cho thị trường in ấn toàn cầu.\n                Với chặng đường phát triển dài, đem đến các giá trị cốt lõi bền vững, hiện nay Netbase đã và đang xây dựng môi trường làm việc chuyên nghiệp, cạnh tranh và sáng tạo. Chúng tôi cần tuyển dụng thêm nhân sự có trình độ, khả năng chuyên môn và tác phong chuyên nghiệp cho công ty.',NULL,NULL,21.00822,105.807611,'2024-07-08 13:44:42','2024-07-08 13:44:42'),(13,13,'CÔNG TY TNHH ZINZA TECHNOLOGY',NULL,'Tầng 3 Hoàng Ngọc Tower, Lô C2C, ngõ 72 Trần Thái Tông, Phường Dịch Vọng Hậu, Quận Cầu Giấy, Thành phố Hà Nội, Việt Nam',25,99,'Trần Hồng Ngọc','0333333333','https://zinza.com.vn/','','https://cdn-new.topcv.vn/unsafe/140x/https://static.topcv.vn/company_logos/cong-ty-tnhh-zinza-technology-5a139dbbb10f4_rs.jpg','https://static.topcv.vn/company_covers/cong-ty-tnhh-zinza-technology-012acb445b677a73527a9b914dbe202d-60b1b16acbaf9.jpg',21.029937,105.785086,'2024-07-08 13:44:42','2024-07-08 13:44:42'),(14,14,'BSS Group',NULL,'Tầng 14, 16, 18 và 19, tòa nhà Viwaseen, số 48 Tố Hữu, Nam Từ Liêm, Hà Nội',25,99,'Trần Hồng Ngọc','0333333333','http://bssgroup.vn/','BSS Commerce is the leading brand of BSS Group - the top full-service eCommerce development agency in Vietnam. Since 2012, BSS Commerce has become a trusted partner of global online merchants with 500+ successful projects and 21,000+ satisfied clients (B2B, B2C và B2B2C). We now provide a wide range of products and services on multiple platforms, including Magento, Shopify Plus, BigCommerce, Shopware, and more to match the business needs for every client worldwide\n                Find out more about BSS Commerce’s products and services: https://bsscommerce.com/\n                \n                BSS Commerce là thương hiệu nền tảng của BSS Group - đối tác cung cấp các giải pháp thương mại điện tử toàn diện cho Doanh nghiệp Việt Nam và toàn cầu. Được thành lập từ 2012, BSS Commerce đã và đang đồng hành với hơn 21,000 khách hàng trên toàn thế giới (B2B, B2C và B2B2C). Chúng tôi mang đến các sản phẩm, dịch vụ tối ưu cho doanh nghiệp trên đa nền tảng như Magento, Shopify Plus, BigCommerce, Shopware, etc, để đáp ứng mọi nhu cầu của khách hàng trên toàn thế giới. \n                Tìm hiểu thêm về sản phẩm và dịch vụ của BSS Commerce tại: https://bsscommerce.com/','https://cdn-new.topcv.vn/unsafe/140x/https://static.topcv.vn/company_logos/OVnIWeKWVJRFSVPkPiVw9tYykgyI173s_1697534823____97c5ab9281684baba35417a7d09a9bc3.png','https://static.topcv.vn/company_covers/bss-group-c5569f385386627142ea3587d862f008-6167ceda23e34.jpg',20.9978385,105.7974438,'2024-07-08 13:44:42','2024-07-08 13:44:42'),(15,15,'Công ty Cổ phần Phần mềm Vitex Việt Nam',NULL,'Tòa nhà Sông Đà, số 18 ngõ 165 đường Cầu Giấy, Cầu Giấy',25,99,'Trần Hồng Ngọc','0333333333','https://vitex.asia/','Vitex - Vietnam IT Excellence Network\n                Vitex is your bridge to excellent IT people, service providers and software products in Vietnam','https://cdn-new.topcv.vn/unsafe/140x/https://static.topcv.vn/company_logos/cong-ty-co-phan-phan-mem-vitex-viet-nam-612f11ca86189.jpg',NULL,21.031497,105.796483,'2024-07-08 13:44:42','2024-07-08 13:44:42'),(16,16,'CÔNG TY CỔ PHẦN ADAMO SOFTWARE',NULL,'Tòa Lilama10, số 56 Tố Hữu, Trung Văn, Nam Từ Liêm, Hà Nội',100,499,'Trần Hồng Ngọc','0333333333','https://adamosoft.com/','Adamo là công ty phát triển phần mềm, gia công ứng dụng CNTT quốc tế tại Việt Nam. Hiện Adamo cung cấp các dịch vụ phát triển website, ứng dụng điện thoại thông minh và giải pháp cho khách hàng tại Mỹ, châu Âu, Úc và Singapore.',NULL,NULL,20.997785,105.793742,'2024-07-08 13:44:42','2024-07-08 13:44:42'),(17,17,'CÔNG TY CỔ PHẦN TRUYỀN THÔNG VĂN HOÁ VIỆT',NULL,'P322-324 Tháp đông, sàn TM, chung cư Học Viện Quốc Phòng, Xuân La, Tây Hồ, Hà Nội',25,99,'Trần Hồng Ngọc','0333333333','https://vhv.vn/','Công ty cổ phần truyền thông Văn Hóa Việt được xây dựng dựa trên niềm tin sâu sắc của chúng tôi rằng con đường ứng dụng công nghệ thông tin, đặc biệt là các ứng dụng trực tuyến là con đường ngắn nhất, phù hợp nhất để đưa Việt Nam bắt kịp với trình độ phát triển của các quốc gia khác trên thế giới, cụ thể hơn là tăng cường năng lực cạnh tranh, tốc độ phát triển của các doanh nghiệp Việt Nam. Chúng tôi muốn đóng góp năng lực, trí tuệ của mình trên con đường đó, cũng là sứ mệnh mà tất cả cán bộ công nhân viên của Văn Hóa Việt cùng hướng tới.\n                VHV ra đời với sứ mệnh nhân bản tri thức, phục vụ cộng đồng. tạo ra framework (nền tảng công nghệ) thương hiệu Việt Nam ngang tầm quốc tế.\n                Chúng tôi tập trung vào nhiệm vụ xây dựng một sản phẩm website đảm bảo các tiêu chí sau:\n                1. Tiết kiệm chi phí tối đa, phù hợp với tình hình kinh tế khó khăn hiện tại của đất nước, phù hợp với đa số các doanh nghiệp.\n                2. Đảm bảo đầy đủ các điều kiện để doanh nghiệp quảng bá, kinh doanh trên mạng Internet\n                3. Đủ sức mạnh để tùy biến phù hợp với nhiều mục đích sử dụng, nhiều ngành nghề, và dễ thay đổi, nâng cấp theo thời gian.\n                Sau 01 năm nghiên cứu và phát triển, cuối cùng đội ngũ kỹ thuật của chúng tôi cũng hoàn thành sản phẩm, và chỉ sau nửa năm triển khai, đến nay chúng tôi đã phục vụ được cho trên 400 doanh nghiệp cỡ vừa và nhỏ, thậm chí cỡ lớn thuộc nhiều lĩnh vực từ thương mại, dịch vụ đến giáo dục đào tạo hay du lịch, bất động sản. Chúng tôi cũng rất vinh dự nhận được sự hài lòng của phần lớn khách hàng.                \n                VHV được xây dựng trên niềm tin mang lại cơ hội mới, tăng năng lực cạnh tranh cho các doanh nghiệp Việt Nam, với trí tuệ và công nghệ sẽ giúp cho Việt Nam nhanh chóng bắt kịp với Thế giới. Văn hóa Việt luôn nỗ lực hết mình để mang lại lợi ích tốt nhất cho khách hàng với việc tối thiểu hóa chi phí và nâng cao năng lực cạnh tranh cho khách hàng.','https://cdn-new.topcv.vn/unsafe/140x/https://static.topcv.vn/company_logos/cong-ty-co-phan-truyen-thong-van-hoa-viet-5e7c501d0e2fe.jpg','https://static.topcv.vn/company_covers/83oyFEKfASwaGQDYEJ9p.jpg',21.0500198,105.7973772,'2024-07-08 13:44:42','2024-07-08 13:44:42'),(18,18,'CÔNG TY TNHH GIẢI PHÁP IMS',NULL,'Building 59 Chế Lan Viên, P . Tây Thạnh, Quận Tân Phú, Tp.HCM',25,99,'Trần Hồng Ngọc','0333333333','https://thietkewebsite24h.com/','Được thành lập 11/2009, với niềm đam mê và khát vọng thành công cùng hướng đi rõ ràng, IMS nhanh chóng khẳng định được vị trí hàng đầu trong lĩnh vực thiết kế web và phần mềm quản lý doanh nghiệp với 2 sản phẩm chủ đạo là IMS.\n                Đến tháng 4/2018, Nền tảng quản lý và bán hàng đa kênh được sử dụng nhiều nhất Việt Nam với hơn 2,000 khách hàng. IMS hội tụ đội ngũ lập trình kỹ sư giỏi với nhiều năm kinh nghiệm triển khai và phát triển thương hiệu cho doanh nghiệp, tổ chức,... Với kinh nghiệm hơn 11 năm trong lĩnh vực IMS luôn đón nhận các giải pháp công nghệ mới nhất hiện nay làm vui lòng khách hàng khi đến với chúng tôi.                \n                Không cạnh tranh bằng giá thành, IMS cạnh tranh bằng tầm nhìn. Thiết kế web tại IMS bạn sẽ được tư vấn hỗ trợ nhiệt tình. Tiếp cận sáng tạo công nghệ tiên phong và chất lượng quản lý hiệu quả. IMS sẽ làm bạn tự tin để thương hiệu bạn luôn tỏa sáng với mục tiêu doanh thu và mức độ nhận biết. Sở hữu công nghệ ứng dụng Smartphone (Responsive) cho ứng dụng website làm tăng hiệu quả thích ứng cho người sử dụng lướt web trên mọi hệ thống (Laptop, Dektop, Ipad, Mobile..).                \n                Công ty thiết kế web IMS luôn quan niệm làm thương hiệu, danh tiếng của bạn trở nên lớn hơn và được xã hội tôn trọng. Hãy xem chúng tôi làm gì để tiếp cận doanh số, năng lực triển khai đội ngũ nhân sự trong nhiều năm qua và đó là những gì về IMS .','https://cdn-new.topcv.vn/unsafe/140x/https://static.topcv.vn/company_logos/cong-ty-tnhh-giai-phap-ims-9faecad378b5816c074067653461e680-663c4494951fc.jpg','https://static.topcv.vn/company_covers/4b18067fc3ae2e88e0c5514f476ea948-6163e2a609f64.jpg',10.811372,106.628735,'2024-07-08 13:44:42','2024-07-08 13:44:42'),(19,19,'CÔNG TY TNHH VI TÍNH NGUYÊN KIM',NULL,'245B Trần Quang Khải, Phường Tân Định, Quận 1, HCM',100,499,'Trần Hồng Ngọc','0333333333','http://www.vitinhnguyenkim.vn/','“ Công ty vi tính Nguyên Kim cam kết đáp ứng tối đa yêu cầu của khách hàng bằng các giải pháp phù hợp và công nghệ tiên tiến nhất nhằm giúp khách hàng đạt được những giá trị tối ưu.”  ( Lê Nguyên Kim – GĐ Công ty TNHH Vi Tính Nguyên Kim).    Qua nhiều năm hoạt động trong lĩnh vực cung cấp công nghệ và thiết bị CNTT cho nhiều đơn vị trong cả nước với đội ngũ nhân viên công ty chuyên nghiệp, luôn cập nhật những thông tin công nghệ hiện đại nhất, giàu kinh nghiệm và nhiệt tình phục vụ khách hàng. Chúng tôi không chỉ cung cấp kịp thời cho khách hàng các sản phẩm công nghệ thông tin có chất lượng cao với giá hợp lý, mà còn cung cấp cho khách hàng những dịch vụ hậu mãi tin cậy, nhanh chóng. Làm thỏa mãn cả những khách hàng khó tính nhất nhằm đảm bảo mang đến cho khách hàng sự yên tâm trong suốt quá trình sử dụng.    \n                Với phương châm “Khách hàng như người thân”, công ty vi tính Nguyên Kim luôn nỗ lực tạo dựng mối quan hệ tốt đẹp với khách hàng, không ngừng cải tiến và phát triển hoạt động kinh doanh của mình, cam kết mang đến cho khách hàng những sản phẩm, dịch vụ trước và sau bán hàng với chất lượng tốt nhất.    Tại Nguyên Kim các sản phẩm luôn được kiểm tra kỹ lưỡng từ đội ngũ chuyên viên kỹ thuật cao cấp của hãng, tổng đại lý và công ty Nguyên Kim trước khi đến tay người tiêu dùng. Vì vậy, quý khách hàng có thể hoàn toàn an tâm và tin tưởng vào chất lượng sản phẩm mà chúng tôi cung cấp.    Hơn nữa các sản phẩm đều được bảo hành, bảo trì theo tiêu chuẩn chính hãng với chất lượng tốt nhất và nhanh chóng nhất nhằm đảm bảo các thiết bị hoạt động ổn định trong suốt thời gian sử dụng, giúp khách hàng tiết kiệm thời gian và chi phí, nâng cao hiệu suất sử dụng.    Đặc biệt đến với Nguyên Kim quý khách hàng còn nhận được dịch vụ hỗ trợ (vận chuyển hàng, đổi trả hàng, bảo hành, bảo trì định kỳ miễn phí…), tư vấn tốt nhất bởi đội ngũ nhân viên nhiệt tình, có chuyên môn sâu, am hiểu rộng về lĩnh vực CNTT. Đó chính là điểm mạnh mà Công ty Nguyên Kim không ngừng xây dựng để phục vụ tốt nhất cho khách hàng.','https://cdn-new.topcv.vn/unsafe/140x/https://static.topcv.vn/company_logos/cong-ty-tnhh-vi-tinh-nguyen-kim-5cf484e929aae.jpg','https://static.topcv.vn/company_covers/19mXopDYHfLSGlq2qv7h.jpg',10.791298,106.688542,'2024-07-08 13:44:42','2024-07-08 13:44:42'),(20,20,'CÔNG TY TNHH TIN HỌC & DỊCH VỤ NAM LONG',NULL,'4a/167a đường D1, Phường 25, Bình Thạnh',10,24,'Trần Hồng Ngọc','0333333333','http://www.namlongsoft.com/','Nam Long hình thành từ đội ngũ trẻ trung và đang có những bước phát triển mạnh mẽ và chỗ đứng vững chắc trên thị trường. Chúng tôi luôn nỗ lực để xây dựng một đội ngũ thật sự chuyên nghiệp và một môi trường làm việc hiện đại, thân thiện, giàu tính sáng tạo. Hiện tại chúng tôi cần bổ sung thêm nhân sự để phục vụ kế hoạch mở rộng thị trường.','https://cdn-new.topcv.vn/unsafe/140x/https://static.topcv.vn/company_logos/u37LAxAbz0R3FFKv8vs0RWG1yaaeFhqU_1681119480____8e61be1af0d26ee6ca720ecfc3574ffb.png','https://static.topcv.vn/company_covers/9Ik4XcKfn7t7T9L4pbXY.jpg',10.803909,106.720066,'2024-07-08 13:44:42','2024-07-08 13:44:42'),(21,21,'Lampart',NULL,'An Phú Plaza, 117-119 Lý Chính Thắng, Phường Võ Thị Sáu, Quận 3',100,499,'Trần Hồng Ngọc','0333333333','https://lampart-vn.com/','LAMPART, a software company established by Wakka Inc and located in Ho Chi Minh City since 2012.\n                We are a family with over 120 members working together to contribute Lampart’s development. Now, to expand our business, we are looking for talent developers major in PHP, C#, ... with different frameworks to join in new large-scale projects from one of the biggest companies in Japan. With your skill and experience, we believe that we will provide to customers what we do best with motto:                \n                “Bring the internationally acctaimed Japanese quality to Vietnam and bring Asian services to the worldwide”                \n                We are pleasure bring to you a great opportunity to improve your skills and know-how, as well as being a part of our dynamic team to create a unique products.','https://cdn-new.topcv.vn/unsafe/140x/https://static.topcv.vn/company_logos/lampart-5dfb420d79b42.jpg',NULL,10.78734,106.68515,'2024-07-08 13:44:42','2024-07-08 13:44:42'),(22,22,'CÔNG TY CỔ PHẦN GIẢI PHÁP VÀ CÔNG NGHỆ VIETNIX',NULL,'265 Hồng Lạc, Phường 10, Quận Tân Bình, Thành phố Hồ Chí Minh, Việt Nam',25,99,'Trần Hồng Ngọc','0333333333','https://vietnix.vn/','Thành lập từ năm 2012, Vietnix đã trải qua gần 10 năm xây dựng và phát triển trong lĩnh vực Hosting. Vietnix là dịch vụ máy chủ đầu tiên tại Việt Nam tập trung phát triển công nghệ chống DDoS chuyên nghiệp.','https://cdn-new.topcv.vn/unsafe/135x/https://static.topcv.vn/company_logos/cong-ty-co-phan-giai-phap-va-cong-nghe-vietnix-624e5b3f74427.jpg','https://static.topcv.vn/company_covers/eWpgMQYKbr6RvvNdKwMZ.jpg',10.787655,106.645442,'2024-07-08 13:44:42','2024-07-08 13:44:42'),(23,23,'Công Ty TNHH LG CNS VIỆT NAM',NULL,'toà nhà Youngjin E&C Hải Phòng, Hồng Phong, An Dương, Hải Phòng, Việt Nam',100,499,'Trần Hồng Ngọc','0333333333','https://careers.lgcnsvn.com/','Là Chuyên gia Chuyển đổi Kỹ thuật số (DX) và\n                Đối tác tăng trưởng kỹ thuật số,                \n                chúng tôi cống hiến các kỹ năng DX của mình để giúp các khách hàng lớn đạt được thành công.                \n                LG CNS dẫn đầu công nghệ Cloud, AI/Big data,                \n                smart factory, smart logistics, smart city, blockchain,                \n                và các công nghệ chuyển đổi số khác','https://cdn-new.topcv.vn/unsafe/140x/https://static.topcv.vn/company_logos/TookgFfkXGVGSlPM3ZImR07Uz4UDNz5U_1681297674____f10a3ab84434a4d2e12e0e24b30090ba.png','https://static.topcv.vn/company_covers/cong-ty-tnhh-lg-cns-viet-nam-abd4aac9f1a620d950e6125156cbcb50-642fb41dead51.jpg',20.85677,106.58339,'2024-07-08 13:44:42','2024-07-08 13:44:42'),(24,24,'Công ty TNHH Linagora',NULL,'Tầng 4 tòa nhà Viet Tower số 1 Thái Hà, Đống Đa, Hanoi',100,499,'Trần Hồng Ngọc','0333333333','http://linagora.vn/?fbclid=IwAR0FqdTXaalqNpLRx1QYv5a9lOHs6_-ZILXxW5tUIVidAOsXVa1aEG1RRxU','LINAGORA tập đoàn hàng đầu trong lĩnh vực mã nguồn mở tại Pháp.\n                LINAGORA là tập đoàn số một của Pháp hoạt động trong lĩnh vực Phần mềm Nguồn mở và hiện tại công ty chúng tôi đang dẫn đầu tại thị trường Pháp về giải pháp nguồn mở. Với hơn 150 chuyên gia và có trụ sở tại Pháp, Canada, Tunisie và Việt Nam.                \n                LINAGORA vừa là công ty sản xuất các phần mềm mã nguồn mở, vừa là nhà cung cấp các dịch vụ như tư vấn công nghệ, triển khai, hỗ trợ, bảo trì, đào tạo.... trong các dự án lớn về mã nguồn mở.                \n                Lĩnh vực sản xuất phần mềm mã nguồn mở của chúng tôi dựa trên 4 giải pháp:                \n                OBM: Giải pháp email và phần mềm làm việc theo nhóm groupware.                \n                LinPKI: Giải pháp bảo mật.                \n                LinID: Ứng dụng quản lý truy cập và đồng bộ hóa định danh.                \n                LinSM: Giải pháp quản lý trong các tổ chức, công ty.','https://cdn-new.topcv.vn/unsafe/140x/https://static.topcv.vn/company_logos/44fa89723c18afc263391817c19a2d53-5da58cd2b3324.jpg','https://static.topcv.vn/company_covers/cong-ty-tnhh-linagora-69b50272440e03fb183c045ce8c4b2f8-5da65e7fac7c9.jpg',21.009231,105.823711,'2024-07-08 13:44:42','2024-07-08 13:44:42'),(25,25,'CÔNG TY CỔ PHẦN TECHBANK SOFTWARE',NULL,'tầng 3, tòa nhà Tân Hồng Hà, 317 Trường Chinh, Quận Thanh Xuân, Hà nội',25,99,'Trần Hồng Ngọc','0333333333','https://techbank.com.vn/','Techbank Software là công ty công nghệ chuyên cung cấp dịch vụ phát triển phần mềm đối tác nước ngoài hoặc tại Việt Nam như, Offshore Development, Offshore BOT, IT Engineers Staff và các dịch vụ khác. Techbank hoạt động trong lĩnh vực gia công phần mềm ( IT outsourcing) cho thị trường Nhật Bản và Âu Mỹ.\n\n                Được thành lập vào năm 2019, chúng tôi đã nhanh chóng khẳng định mình là một công ty công nghệ hàng đầu tại Việt Nam, đồng thời nổi tiếng là nhà cung cấp giải pháp CNTT hiệu quả và đáng tin cậy. \n                \n                Techbank được thành lập bởi đội ngũ các nhà công nghệ hàng đầu và các doanh nhân giàu kinh nghiệm đến từ Việt Nam, những người đã từng thành lập 11 công ty trong sự nghiệp trước khi thành lập Techbank, công ty là nơi hội tụ sức mạnh của sức mạnh công nghệ như tên gọi của nó, ngân hàng của công nghệ, đổi mới và sáng tạo, ý tưởng.\n                \n                Chúng tôi đang tìm kiếm các bạn trẻ tài năng, khát vọng, nhiệt huyết và có tầm nhìn dài hạn để đồng hành trong hành trình sắp tới với Techbank Software.\n                \n                Công ty có văn phòng tại Hà Nội và Nhật bản, được sáng lập nên bởi những thành viên có nhiều năm kinh nghiệm trong lĩnh vực công nghệ và phát triển phần mềm.','https://cdn-new.topcv.vn/unsafe/140x/https://static.topcv.vn/company_logos/i9qRfjKshFJr04pn62ZA7DKtM5X2aqFg_1708573231____7358bba866d9c409e015562a4cf36871.jpg',NULL,20.999533,105.831645,'2024-07-08 13:44:42','2024-07-08 13:44:42'),(26,26,'Mona Media',NULL,'1073/23 Cách Mạng Tháng 8, Phường 7, Q. Tân Bình, HCM',100,499,'Trần Hồng Ngọc','0333333333','https://mona.media/','Mona Media là công ty thiết kế website cao cấp có tuổi đời 8+ năm trong ngành, hoạt động chính thức từ 2013 – trước đó là một nhóm Freelancer.\n\n                Mona Media hoạt động chính trong các mảng:\n                \n                Website cao cấp cho khách hàng, giao diện thiết kế độc quyền, chỉn chu, chuẩn về UX, tính năng code theo giải pháp đã tư vấn cho khách hàng.\n                \n                Web-app, phần mềm quản lý viết riêng, giải quyết các vấn đề tồn đọng và vấn đề tương lai phát triển cho doanh nghiệp\n                \n                Là sân sau hỗ trợ các đối tác cùng ngành thiết kế website và phần mềm khác nhờ vào đội ngũ lập trình và thiết kế chuyên môn cao, chúng tôi đã hỗ trợ các anh em đồng nghiệp khác trong nghề đưa dự án tới tay khách hàng\n                \n                SEO và Marketing online cho các dự án khách hàng của chính công ty\n                \n                Nghiên cứu và ra đời các bộ phần mềm có sẵn để phục vụ trực tiếp vào nhu cầu của khách hàng Việt Nam như phần mềm nhập hàng Trung Quốc, phần mềm dạy học trực tuyến elearning, phần mềm quản lý tiệm nail, tóc, làm đẹp,\n                \n                Ngay từ những ngày đầu hoạt động, Mona Media đã chọn cho mình một phân khúc riêng, khác biệt với hàng ngàn công ty dịch vụ thiết kế website trên thị trường: phân khúc của sự hiệu quả.\n                \n                Những website/phần mềm từ Mona Media luôn được tư vấn, phát triển, tối ưu nhằm mang lại hiệu quả rõ rệt cho hoạt động kinh doanh của doanh nghiệp.','https://cdn-new.topcv.vn/unsafe/140x/https://static.topcv.vn/company_logos/mona-media-60da9257f3eca.jpg',NULL,10.790966,106.656124,'2024-07-08 13:44:42','2024-07-08 13:44:42'),(27,27,'CÔNG TY CỔ PHẦN EDUVATOR',NULL,'Số nhà 65, phố Yên Lãng, Phường Trung Liệt, Quận Đống Đa, Thành phố Hà Nội, Việt Nam',100,499,'Trần Hồng Ngọc','0333333333','https://zim.vn/','Công ty Cổ phần Eduvator được thành lập vào tháng 9/2015 với mục tiêu giúp con người tự khám phá tiềm năng của chính mình. Dự án đầu tiên của Eduvator là Hệ thống Trung tâm Anh Ngữ ZIM, nhằm cung cấp giải pháp học tập tối ưu cho từng cá nhân.\n\n                Eduvator là sự kết hợp giữa \"Education\" (Giáo dục) và \"Innovator\" (Người sáng tạo), với sứ mệnh mang đến \"A Better Education\" (Một nền giáo dục tốt hơn) cho mỗi cá nhân, giúp họ khai phá tiềm năng bản thân. ZIM, như một phần của Eduvator, đồng hành và trang bị cho mỗi cá nhân phương pháp học tối ưu để thích nghi và phát triển trong một thế giới không ngừng thay đổi.\n                \n                Khác với phần lớn trung tâm Anh ngữ khác tại Việt Nam, ZIM đặc biệt chú trọng vào nghiên cứu và phát triển (R&D), là yếu tố quan trọng xây dựng uy tín của trung tâm. Bên cạnh việc nghiên cứu, sản xuất và không ngừng cải tiến giáo án và tài liệu cho các chương trình đào tạo, ZIM đầu tư vào việc xuất bản sách, phát triển bài đánh giá năng lực tiếng Anh, viết bài học học thuật và nhiều hoạt động khác. ZIM cũng là đơn vị duy nhất tại Việt Nam sản xuất đề thi IELTS và TOEIC, cũng như tổ chức các kỳ thi thử chuẩn trước khi thi thật. Các kỳ thi thử này do ZIM tổ chức giúp đánh giá chính xác năng lực và đáng tin cậy trong việc lựa chọn trước khi tham gia kỳ thi chính thức.','https://cdn-new.topcv.vn/unsafe/135x/https://static.topcv.vn/company_logos/cong-ty-co-phan-eduvator-64213c06f3c25.jpg','https://static.topcv.vn/company_covers/Uco28gZMqQ2swBSCCyHU.jpg',21.010369,105.815518,'2024-07-08 13:44:42','2024-07-08 13:44:42'),(28,28,'Unit Corp',NULL,'Floor 5-6-7-8-9-10 - Nikko Building, 374 Vo Van Tan Street, Ward 5, District 3, HCMC, Vietnam',100,499,'Trần Hồng Ngọc','0333333333','https://www.unit.com.vn/','UNIT - Nơi hội tụ sáng tạo\n                - Với sứ mệnh tạo ra các sản phẩm công nghệ vượt trội nhằm phục vụ khách hàng, UNIT khẳng định vị thế của mình bằng đội ngũ các thành viên có trình độ chuyên môn cao kết hợp với sự sáng tạo và đột phá trong tư duy để tạo ra những giải pháp tối ưu.\n                \n                - Được thành lập từ tháng 3 năm 2010, UNIT là Công ty công nghệ chuyên cung cấp các Giải pháp và Sản phẩm phần mềm trong lĩnh vực Tài chính, Ngân Hàng, Bảo hiểm và Quản trị có uy tín tại thị trường Việt Nam và Quốc tế. Chúng tôi luôn lắng nghe ý kiến của khách hàng, nhu cầu của thị trường, nghiên cứu các công nghệ mới để đem đến cho khách hàng những sản phẩm đầy trải nghiệm.\n                \n                - Là Công ty chuyên cung cấp giải pháp phần mềm tài chính có uy tín trong và ngoài nước chúng tôi đã triển khai thành công rất nhiều dự án trong ngành như: Ngân hàng, Quỹ đầu tư, Bảo hiểm, các Công ty tài chính…\n                \n                - Với môi trường làm việc năng động và chuyên nghiệp, UNIT Corp mong chào đón ứng viên có khả năng và lòng nhiệt huyết để cùng Công ty chúng tôi phát triển. ','https://cdn-new.topcv.vn/unsafe/140x/https://static.topcv.vn/company_logos/vBWMEGncsF00niBOQ9DkEO1kW3Ij5Ut1_1664778366____f7cdac52bd7fa9b167eb833f4729dc29.png','https://static.topcv.vn/company_covers/TIHG4gReMTvLZps8936k.jpg',10.770592,106.684486,'2024-07-08 13:44:42','2024-07-08 13:44:42'),(29,29,'Newwave Solutions JSC',NULL,'Tầng 1, tầng 4 và tầng 10, Tòa Mitec, Lô E2 Khu Đô thị mới Cầu Giấy, Yên Hòa, Hà Nội',100,499,'Trần Hồng Ngọc','0333333333','https://tuyendung.newwave.vn/','Newwave Solutions là một trong những công ty hàng đầu cung cấp các phần mềm dạng dịch vụ cho các khách hàng thị trường Nhật Bản, thị trường Global và trong nước với 12+ năm kinh nghiệm cùng quy mô 300+ nhân viên.\n\n                Tầm nhìn\n                Định hướng để trở thành biểu tượng niềm tin trong lĩnh vực công nghệ, tích hợp hệ thống chuyển đổi số, đóng góp tích cực vào chuỗi giá trị công nghệ toàn cầu.\n                \n                Triết lý\n                Newwave Solutions thành công bằng tinh thần đương đầu với thách thức, luôn đặt mục tiêu lớn, không ngừng sáng tạo, tối ưu giá trị và hài hòa lợi ích chung.\n                \n                Sứ mệnh\n                Tiên phong kiến tạo hệ sinh thái công nghệ, cung cấp giải pháp linh hoạt, sản phẩm thông minh, dịch vụ xuất sắc, luôn thích ứng với xu thế của làn sóng mới và đồng hành cùng sự phát triển của đất nước.','https://cdn-new.topcv.vn/unsafe/140x/https://static.topcv.vn/company_logos/YjF8IUn9DGHx3HGzTUPki8DycZsRRqLA_1661485501____8e43ee2aad361f320c7d0a13becc6a92.png','https://static.topcv.vn/company_covers/newwave-solutions-jsc-8055c3ef43965583ec62eec38931c89e-627239364e252.jpg',21.0200084,105.7813238,'2024-07-08 13:44:42','2024-07-08 13:44:42'),(30,30,'Công ty Cổ phần NTQ Solution',NULL,'Tòa nhà Sông Đà, Phạm Hùng, Nam Từ Liêm, Hà Nội',1000,NULL,'Trần Hồng Ngọc','0333333333','https://www.ntq-solution.com.vn/','Được thành lập từ 2011 với sứ mệnh “Nâng tầm người Việt trên bản đồ số thế giới”, NTQ hiện đang phát triển 3 lĩnh vực dịch vụ chính: Software Development Service, Product Development Service và Business Development Service với gần 1000 dự án được triển khai kể từ khi thành lập, trở thành đối tác tin cậy & lâu dài cùng nhiều khách hàng, đối tác lớn trong và ngoài nước. Với mục tiêu toàn cầu hóa, bên cạnh trụ sở chính tại Hà Nội, NTQ cũng đã chính thức sở hữu các trụ sở tại nước ngoài như: Nhật Bản, Hàn Quốc, Hồng Kông. Đây đều là những thị trường lớn và tiềm năng đối với các mảng dịch vụ mà NTQ đang cung cấp.\n\n                Quy tụ hơn 1000 nhân sự chất lượng, trẻ trung, luôn mang tinh thần say mê và nhiệt huyết trong công việc và cuộc sống, NTQ đã gặt hái vô số các thành tựu trên suốt chặng đường hình thành và phát triển của mình, cũng như nhiều lần xuất hiện trên các trang báo lớn tại Nhật Bản và một số quốc gia khác. \n                Trong giai đoạn mới (2021-2026), NTQ đặt mục tiêu lọt vào top 5 công ty trong lĩnh vực CNTT tại Việt Nam, cán mốc 2600 nhân sự và giá trị doanh nghiệp đạt 250 triệu USD. Với nền tảng vững mạnh, đội ngũ nhiệt huyết, đoàn kết, NTQ hoàn toàn tin tưởng vào mục tiêu đầy thách thức này!','https://cdn-new.topcv.vn/unsafe/140x/https://static.topcv.vn/company_logos/cong-ty-co-phan-ntq-solution-5d761d474f7de.jpg',NULL,21.017707,105.781228,'2024-07-08 13:44:42','2024-07-08 13:44:42'),(31,31,'CÔNG TY CỔ PHẦN KAOPIZ HOLDINGS',NULL,'Tầng 4, Tòa CT1, Tòa nhà Bắc Hà C14, phố Tố hữu, Phường Trung Văn, Quận Nam Từ Liêm, Thành phố Hà Nội, Việt Nam',25,99,'Trần Hồng Ngọc','0333333333',NULL,NULL,NULL,NULL,20.972259,105.757399,'2024-07-08 13:44:42','2024-07-08 13:44:42');
/*!40000 ALTER TABLE `employers` ENABLE KEYS */;
UNLOCK TABLES;

--
-- Table structure for table `experiences`
--

DROP TABLE IF EXISTS `experiences`;
/*!40101 SET @saved_cs_client     = @@character_set_client */;
/*!50503 SET character_set_client = utf8mb4 */;
CREATE TABLE `experiences` (
  `id` bigint unsigned NOT NULL AUTO_INCREMENT,
  `candidate_id` bigint unsigned NOT NULL,
  `resume_id` bigint unsigned DEFAULT NULL,
  `name` varchar(100) COLLATE utf8mb4_unicode_ci DEFAULT NULL,
  `company` varchar(100) COLLATE utf8mb4_unicode_ci DEFAULT NULL,
  `start_date` date DEFAULT NULL,
  `end_date` date DEFAULT NULL,
  `description` text COLLATE utf8mb4_unicode_ci,
  PRIMARY KEY (`id`)
) ENGINE=InnoDB AUTO_INCREMENT=75 DEFAULT CHARSET=utf8mb4 COLLATE=utf8mb4_unicode_ci;
/*!40101 SET character_set_client = @saved_cs_client */;

--
-- Dumping data for table `experiences`
--

LOCK TABLES `experiences` WRITE;
/*!40000 ALTER TABLE `experiences` DISABLE KEYS */;
INSERT INTO `experiences` VALUES (1,101,NULL,'Thực tập sinh PHP','Trung tâm CNTT MobiFone','2023-03-07','2023-06-19','Nghiên cứu và triển khai framework Laravel'),(2,101,NULL,'Thực tập sinh Web','Công ty TNHH Theinfitech','2023-10-07','2024-01-07','Sử dụng ReactJS và Flask API để lập trình web'),(3,102,NULL,'Thực tập sinh PHP','Trung tâm CNTT MobiFone','2023-03-07','2023-06-19','Nghiên cứu và triển khai framework Laravel'),(4,102,NULL,'Thực tập sinh Web','Công ty TNHH Theinfitech','2023-10-07','2024-01-07','Sử dụng ReactJS và Flask API để lập trình web'),(5,103,NULL,'Thực tập sinh PHP','Trung tâm CNTT MobiFone','2023-03-07','2023-06-19','Nghiên cứu và triển khai framework Laravel'),(6,103,NULL,'Thực tập sinh Web','Công ty TNHH Theinfitech','2023-10-07','2024-01-07','Sử dụng ReactJS và Flask API để lập trình web'),(7,104,NULL,'Thực tập sinh Web','Công ty TNHH Theinfitech','2023-10-07','2024-01-07','Sử dụng ReactJS và Flask API để lập trình web'),(8,105,NULL,'Thực tập sinh Web','Công ty TNHH Theinfitech','2023-10-07','2024-01-07','Sử dụng ReactJS và Flask API để lập trình web'),(9,106,NULL,'Thực tập sinh Web','Công ty TNHH Theinfitech','2023-10-07','2024-01-07','Sử dụng ReactJS và Flask API để lập trình web'),(10,107,NULL,'Thực tập sinh Web','Công ty TNHH Theinfitech','2023-10-07','2024-01-07','Sử dụng ReactJS và Flask API để lập trình web'),(11,108,NULL,'Thực tập sinh Web','Công ty TNHH Theinfitech','2023-10-07','2024-01-07','Sử dụng ReactJS và Flask API để lập trình web'),(12,109,NULL,'Thực tập sinh Web','Công ty TNHH Theinfitech','2023-10-07','2024-01-07','Sử dụng ReactJS và Flask API để lập trình web'),(13,110,NULL,'Thực tập sinh Web','Công ty TNHH Theinfitech','2023-10-07','2024-01-07','Sử dụng ReactJS và Flask API để lập trình web'),(14,111,NULL,'Thực tập sinh Web','Công ty TNHH Theinfitech','2023-10-07','2024-01-07','Sử dụng ReactJS và Flask API để lập trình web'),(15,112,NULL,'Thực tập sinh Web','Công ty TNHH Theinfitech','2023-10-07','2024-01-07','Sử dụng ReactJS và Flask API để lập trình web'),(16,113,NULL,'Thực tập sinh Web','Công ty TNHH Theinfitech','2023-10-07','2024-01-07','Sử dụng ReactJS và Flask API để lập trình web'),(17,114,NULL,'Thực tập sinh Web','Công ty TNHH Theinfitech','2023-10-07','2024-01-07','Sử dụng ReactJS và Flask API để lập trình web'),(18,115,NULL,'Thực tập sinh Web','Công ty TNHH Theinfitech','2023-10-07','2024-01-07','Sử dụng ReactJS và Flask API để lập trình web'),(19,116,NULL,'Thực tập sinh Web','Công ty TNHH Theinfitech','2023-10-07','2024-01-07','Sử dụng ReactJS và Flask API để lập trình web'),(20,117,NULL,'Thực tập sinh Web','Công ty TNHH Theinfitech','2023-10-07','2024-01-07','Sử dụng ReactJS và Flask API để lập trình web'),(21,118,NULL,'Thực tập sinh Web','Công ty TNHH Theinfitech','2023-10-07','2024-01-07','Sử dụng ReactJS và Flask API để lập trình web'),(22,119,NULL,'Thực tập sinh Web','Công ty TNHH Theinfitech','2023-10-07','2024-01-07','Sử dụng ReactJS và Flask API để lập trình web'),(23,120,NULL,'Thực tập sinh HR','Công ty TNHH DEF','2023-10-07','2024-01-07','Hỗ trợ, tham gia các công việc liên quan tới quản lý, tuyển dụng nhân sự'),(24,121,NULL,'Thực tập sinh HR','Công ty TNHH DEF','2023-10-07','2024-01-07','Hỗ trợ, tham gia các công việc liên quan tới quản lý, tuyển dụng nhân sự'),(25,122,NULL,'Thực tập sinh HR','Công ty TNHH DEF','2023-10-07','2024-01-07','Hỗ trợ, tham gia các công việc liên quan tới quản lý, tuyển dụng nhân sự'),(26,123,NULL,'Thực tập sinh HR','Công ty TNHH DEF','2023-10-07','2024-01-07','Hỗ trợ, tham gia các công việc liên quan tới quản lý, tuyển dụng nhân sự'),(27,124,NULL,'Thực tập sinh HR','Công ty TNHH DEF','2023-10-07','2024-01-07','Hỗ trợ, tham gia các công việc liên quan tới quản lý, tuyển dụng nhân sự'),(28,125,NULL,'Thực tập sinh HR','Công ty TNHH DEF','2023-10-07','2024-01-07','Hỗ trợ, tham gia các công việc liên quan tới quản lý, tuyển dụng nhân sự'),(29,126,NULL,'Thực tập sinh HR','Công ty TNHH DEF','2023-10-07','2024-01-07','Hỗ trợ, tham gia các công việc liên quan tới quản lý, tuyển dụng nhân sự'),(30,127,NULL,'Thực tập sinh HR','Công ty TNHH DEF','2023-10-07','2024-01-07','Hỗ trợ, tham gia các công việc liên quan tới quản lý, tuyển dụng nhân sự'),(31,128,NULL,'Thực tập sinh Web','Công ty TNHH Theinfitech','2023-10-07','2024-01-07','Sử dụng ReactJS và Flask API để lập trình web'),(32,129,NULL,'Thực tập sinh Web','Công ty TNHH Theinfitech','2023-10-07','2024-01-07','Sử dụng ReactJS và Flask API để lập trình web'),(33,130,NULL,'Thực tập sinh Web','Công ty TNHH Theinfitech','2023-10-07','2024-01-07','Sử dụng ReactJS và Flask API để lập trình web'),(34,131,NULL,'Thực tập sinh Web','Công ty TNHH Theinfitech','2023-10-07','2024-01-07','Sử dụng ReactJS và Flask API để lập trình web'),(35,132,NULL,'Thực tập sinh HR','Công ty TNHH DEF','2023-10-07','2024-01-07','Hỗ trợ, tham gia các công việc liên quan tới quản lý, tuyển dụng nhân sự'),(36,133,NULL,'Thực tập sinh HR','Công ty TNHH DEF','2023-10-07','2024-01-07','Hỗ trợ, tham gia các công việc liên quan tới quản lý, tuyển dụng nhân sự'),(37,134,NULL,'Thực tập sinh Web','Công ty TNHH Theinfitech','2023-10-07','2024-01-07','Sử dụng ReactJS và Flask API để lập trình web'),(38,101,1,'Thực tập sinh PHP','Trung tâm CNTT MobiFone','2023-03-07','2023-06-19','Nghiên cứu và triển khai framework Laravel'),(39,101,1,'Thực tập sinh Web','Công ty TNHH Theinfitech','2023-10-07','2024-01-07','Sử dụng ReactJS và Flask API để lập trình web'),(40,102,2,'Thực tập sinh PHP','Trung tâm CNTT MobiFone','2023-03-07','2023-06-19','Nghiên cứu và triển khai framework Laravel'),(41,102,2,'Thực tập sinh Web','Công ty TNHH Theinfitech','2023-10-07','2024-01-07','Sử dụng ReactJS và Flask API để lập trình web'),(42,103,3,'Thực tập sinh PHP','Trung tâm CNTT MobiFone','2023-03-07','2023-06-19','Nghiên cứu và triển khai framework Laravel'),(43,103,3,'Thực tập sinh Web','Công ty TNHH Theinfitech','2023-10-07','2024-01-07','Sử dụng ReactJS và Flask API để lập trình web'),(44,104,4,'Thực tập sinh Web','Công ty TNHH Theinfitech','2023-10-07','2024-01-07','Sử dụng ReactJS và Flask API để lập trình web'),(45,105,5,'Thực tập sinh Web','Công ty TNHH Theinfitech','2023-10-07','2024-01-07','Sử dụng ReactJS và Flask API để lập trình web'),(46,106,6,'Thực tập sinh Web','Công ty TNHH Theinfitech','2023-10-07','2024-01-07','Sử dụng ReactJS và Flask API để lập trình web'),(47,107,7,'Thực tập sinh Web','Công ty TNHH Theinfitech','2023-10-07','2024-01-07','Sử dụng ReactJS và Flask API để lập trình web'),(48,108,8,'Thực tập sinh Web','Công ty TNHH Theinfitech','2023-10-07','2024-01-07','Sử dụng ReactJS và Flask API để lập trình web'),(49,109,9,'Thực tập sinh Web','Công ty TNHH Theinfitech','2023-10-07','2024-01-07','Sử dụng ReactJS và Flask API để lập trình web'),(50,110,10,'Thực tập sinh Web','Công ty TNHH Theinfitech','2023-10-07','2024-01-07','Sử dụng ReactJS và Flask API để lập trình web'),(51,111,11,'Thực tập sinh Web','Công ty TNHH Theinfitech','2023-10-07','2024-01-07','Sử dụng ReactJS và Flask API để lập trình web'),(52,112,12,'Thực tập sinh Web','Công ty TNHH Theinfitech','2023-10-07','2024-01-07','Sử dụng ReactJS và Flask API để lập trình web'),(53,113,13,'Thực tập sinh Web','Công ty TNHH Theinfitech','2023-10-07','2024-01-07','Sử dụng ReactJS và Flask API để lập trình web'),(54,114,14,'Thực tập sinh Web','Công ty TNHH Theinfitech','2023-10-07','2024-01-07','Sử dụng ReactJS và Flask API để lập trình web'),(55,115,15,'Thực tập sinh Web','Công ty TNHH Theinfitech','2023-10-07','2024-01-07','Sử dụng ReactJS và Flask API để lập trình web'),(56,116,16,'Thực tập sinh Web','Công ty TNHH Theinfitech','2023-10-07','2024-01-07','Sử dụng ReactJS và Flask API để lập trình web'),(57,117,17,'Thực tập sinh Web','Công ty TNHH Theinfitech','2023-10-07','2024-01-07','Sử dụng ReactJS và Flask API để lập trình web'),(58,118,18,'Thực tập sinh Web','Công ty TNHH Theinfitech','2023-10-07','2024-01-07','Sử dụng ReactJS và Flask API để lập trình web'),(59,119,19,'Thực tập sinh Web','Công ty TNHH Theinfitech','2023-10-07','2024-01-07','Sử dụng ReactJS và Flask API để lập trình web'),(60,120,20,'Thực tập sinh HR','Công ty TNHH DEF','2023-10-07','2024-01-07','Hỗ trợ, tham gia các công việc liên quan tới quản lý, tuyển dụng nhân sự'),(61,121,21,'Thực tập sinh HR','Công ty TNHH DEF','2023-10-07','2024-01-07','Hỗ trợ, tham gia các công việc liên quan tới quản lý, tuyển dụng nhân sự'),(62,122,22,'Thực tập sinh HR','Công ty TNHH DEF','2023-10-07','2024-01-07','Hỗ trợ, tham gia các công việc liên quan tới quản lý, tuyển dụng nhân sự'),(63,123,23,'Thực tập sinh HR','Công ty TNHH DEF','2023-10-07','2024-01-07','Hỗ trợ, tham gia các công việc liên quan tới quản lý, tuyển dụng nhân sự'),(64,124,24,'Thực tập sinh HR','Công ty TNHH DEF','2023-10-07','2024-01-07','Hỗ trợ, tham gia các công việc liên quan tới quản lý, tuyển dụng nhân sự'),(65,125,25,'Thực tập sinh HR','Công ty TNHH DEF','2023-10-07','2024-01-07','Hỗ trợ, tham gia các công việc liên quan tới quản lý, tuyển dụng nhân sự'),(66,126,26,'Thực tập sinh HR','Công ty TNHH DEF','2023-10-07','2024-01-07','Hỗ trợ, tham gia các công việc liên quan tới quản lý, tuyển dụng nhân sự'),(67,127,27,'Thực tập sinh HR','Công ty TNHH DEF','2023-10-07','2024-01-07','Hỗ trợ, tham gia các công việc liên quan tới quản lý, tuyển dụng nhân sự'),(68,128,28,'Thực tập sinh Web','Công ty TNHH Theinfitech','2023-10-07','2024-01-07','Sử dụng ReactJS và Flask API để lập trình web'),(69,129,29,'Thực tập sinh Web','Công ty TNHH Theinfitech','2023-10-07','2024-01-07','Sử dụng ReactJS và Flask API để lập trình web'),(70,130,30,'Thực tập sinh Web','Công ty TNHH Theinfitech','2023-10-07','2024-01-07','Sử dụng ReactJS và Flask API để lập trình web'),(71,131,31,'Thực tập sinh Web','Công ty TNHH Theinfitech','2023-10-07','2024-01-07','Sử dụng ReactJS và Flask API để lập trình web'),(72,132,32,'Thực tập sinh HR','Công ty TNHH DEF','2023-10-07','2024-01-07','Hỗ trợ, tham gia các công việc liên quan tới quản lý, tuyển dụng nhân sự'),(73,133,33,'Thực tập sinh HR','Công ty TNHH DEF','2023-10-07','2024-01-07','Hỗ trợ, tham gia các công việc liên quan tới quản lý, tuyển dụng nhân sự'),(74,134,34,'Thực tập sinh Web','Công ty TNHH Theinfitech','2023-10-07','2024-01-07','Sử dụng ReactJS và Flask API để lập trình web');
/*!40000 ALTER TABLE `experiences` ENABLE KEYS */;
UNLOCK TABLES;

--
-- Table structure for table `failed_jobs`
--

DROP TABLE IF EXISTS `failed_jobs`;
/*!40101 SET @saved_cs_client     = @@character_set_client */;
/*!50503 SET character_set_client = utf8mb4 */;
CREATE TABLE `failed_jobs` (
  `id` bigint unsigned NOT NULL AUTO_INCREMENT,
  `uuid` varchar(255) COLLATE utf8mb4_unicode_ci NOT NULL,
  `connection` text COLLATE utf8mb4_unicode_ci NOT NULL,
  `queue` text COLLATE utf8mb4_unicode_ci NOT NULL,
  `payload` longtext COLLATE utf8mb4_unicode_ci NOT NULL,
  `exception` longtext COLLATE utf8mb4_unicode_ci NOT NULL,
  `failed_at` timestamp NOT NULL DEFAULT CURRENT_TIMESTAMP,
  PRIMARY KEY (`id`),
  UNIQUE KEY `failed_jobs_uuid_unique` (`uuid`)
) ENGINE=InnoDB DEFAULT CHARSET=utf8mb4 COLLATE=utf8mb4_unicode_ci;
/*!40101 SET character_set_client = @saved_cs_client */;

--
-- Dumping data for table `failed_jobs`
--

LOCK TABLES `failed_jobs` WRITE;
/*!40000 ALTER TABLE `failed_jobs` DISABLE KEYS */;
/*!40000 ALTER TABLE `failed_jobs` ENABLE KEYS */;
UNLOCK TABLES;

--
-- Table structure for table `industries`
--

DROP TABLE IF EXISTS `industries`;
/*!40101 SET @saved_cs_client     = @@character_set_client */;
/*!50503 SET character_set_client = utf8mb4 */;
CREATE TABLE `industries` (
  `id` bigint unsigned NOT NULL AUTO_INCREMENT,
  `name` varchar(60) COLLATE utf8mb4_unicode_ci NOT NULL,
  PRIMARY KEY (`id`)
) ENGINE=InnoDB AUTO_INCREMENT=10 DEFAULT CHARSET=utf8mb4 COLLATE=utf8mb4_unicode_ci;
/*!40101 SET character_set_client = @saved_cs_client */;

--
-- Dumping data for table `industries`
--

LOCK TABLES `industries` WRITE;
/*!40000 ALTER TABLE `industries` DISABLE KEYS */;
INSERT INTO `industries` VALUES (1,'IT Phần mềm'),(2,'IT Phần cứng'),(3,'Kinh doanh / Bán hàng'),(4,'Hành chính / Văn phòng'),(5,'Nhân sự'),(6,'Tư vấn'),(7,'Biên / Phiên dịch'),(8,'Giáo dục / Đào tạo'),(9,'Ngân hàng / Tài chính');
/*!40000 ALTER TABLE `industries` ENABLE KEYS */;
UNLOCK TABLES;

--
-- Table structure for table `jlevels`
--

DROP TABLE IF EXISTS `jlevels`;
/*!40101 SET @saved_cs_client     = @@character_set_client */;
/*!50503 SET character_set_client = utf8mb4 */;
CREATE TABLE `jlevels` (
  `id` bigint unsigned NOT NULL AUTO_INCREMENT,
  `name` varchar(40) COLLATE utf8mb4_unicode_ci NOT NULL,
  PRIMARY KEY (`id`)
) ENGINE=InnoDB AUTO_INCREMENT=9 DEFAULT CHARSET=utf8mb4 COLLATE=utf8mb4_unicode_ci;
/*!40101 SET character_set_client = @saved_cs_client */;

--
-- Dumping data for table `jlevels`
--

LOCK TABLES `jlevels` WRITE;
/*!40000 ALTER TABLE `jlevels` DISABLE KEYS */;
INSERT INTO `jlevels` VALUES (1,'Thực tập sinh'),(2,'Nhân viên'),(3,'Trưởng nhóm'),(4,'Trưởng/Phó phòng'),(5,'Quản lý/Giám sát'),(6,'Trưởng chi nhánh'),(7,'Giám đốc'),(8,'Phó giám đốc');
/*!40000 ALTER TABLE `jlevels` ENABLE KEYS */;
UNLOCK TABLES;

--
-- Table structure for table `job_applying`
--

DROP TABLE IF EXISTS `job_applying`;
/*!40101 SET @saved_cs_client     = @@character_set_client */;
/*!50503 SET character_set_client = utf8mb4 */;
CREATE TABLE `job_applying` (
  `id` bigint unsigned NOT NULL AUTO_INCREMENT,
  `job_id` bigint unsigned NOT NULL,
  `candidate_id` bigint unsigned NOT NULL,
  `resume_link` text COLLATE utf8mb4_unicode_ci,
  `skill_text` text COLLATE utf8mb4_unicode_ci,
  `status` enum('WAITING','BROWSING_RESUME','RESUME_FAILED','BROWSING_INTERVIEW','INTERVIEW_FAILED','PASSED') COLLATE utf8mb4_unicode_ci NOT NULL DEFAULT 'WAITING',
  `interview_round` tinyint unsigned DEFAULT NULL,
  `created_at` timestamp NULL DEFAULT NULL,
  `updated_at` timestamp NULL DEFAULT NULL,
  PRIMARY KEY (`id`),
  FULLTEXT KEY `ja_skill_ft` (`skill_text`)
) ENGINE=InnoDB AUTO_INCREMENT=37 DEFAULT CHARSET=utf8mb4 COLLATE=utf8mb4_unicode_ci;
/*!40101 SET character_set_client = @saved_cs_client */;

--
-- Dumping data for table `job_applying`
--

LOCK TABLES `job_applying` WRITE;
/*!40000 ALTER TABLE `job_applying` DISABLE KEYS */;
INSERT INTO `job_applying` VALUES (1,10,201,'https://drive.google.com/file/d/15sktoevlJ6TaEGcfUSRZlyz8fPaXsbX5/view?usp=drive_link',NULL,'BROWSING_INTERVIEW',1,'2024-07-05 13:44:42','2024-07-05 13:44:42'),(2,10,202,'https://drive.google.com/file/d/15sktoevlJ6TaEGcfUSRZlyz8fPaXsbX5/view?usp=drive_link',NULL,'BROWSING_INTERVIEW',1,'2024-07-06 13:44:42','2024-07-06 13:44:42'),(3,10,203,'https://drive.google.com/file/d/15sktoevlJ6TaEGcfUSRZlyz8fPaXsbX5/view?usp=drive_link',NULL,'BROWSING_INTERVIEW',1,'2024-07-05 13:44:42','2024-07-05 13:44:42'),(4,10,204,'https://drive.google.com/file/d/15sktoevlJ6TaEGcfUSRZlyz8fPaXsbX5/view?usp=drive_link',NULL,'BROWSING_INTERVIEW',2,'2024-07-07 13:44:42','2024-07-07 13:44:42'),(5,10,205,'https://drive.google.com/file/d/15sktoevlJ6TaEGcfUSRZlyz8fPaXsbX5/view?usp=drive_link',NULL,'BROWSING_INTERVIEW',2,'2024-07-06 13:44:42','2024-07-06 13:44:42'),(6,10,206,'https://drive.google.com/file/d/15sktoevlJ6TaEGcfUSRZlyz8fPaXsbX5/view?usp=drive_link',NULL,'BROWSING_INTERVIEW',2,'2024-07-05 13:44:42','2024-07-05 13:44:42'),(7,10,207,'https://drive.google.com/file/d/15sktoevlJ6TaEGcfUSRZlyz8fPaXsbX5/view?usp=drive_link',NULL,'PASSED',2,'2024-07-05 13:44:42','2024-07-05 13:44:42'),(8,10,208,'https://drive.google.com/file/d/15sktoevlJ6TaEGcfUSRZlyz8fPaXsbX5/view?usp=drive_link',NULL,'PASSED',2,'2024-07-06 13:44:42','2024-07-06 13:44:42'),(9,11,209,'https://drive.google.com/file/d/15sktoevlJ6TaEGcfUSRZlyz8fPaXsbX5/view?usp=drive_link',NULL,'WAITING',NULL,'2024-07-04 13:44:42','2024-07-04 13:44:42'),(10,11,210,'https://drive.google.com/file/d/15sktoevlJ6TaEGcfUSRZlyz8fPaXsbX5/view?usp=drive_link',NULL,'WAITING',NULL,'2024-07-05 13:44:42','2024-07-05 13:44:42'),(11,11,211,'https://drive.google.com/file/d/15sktoevlJ6TaEGcfUSRZlyz8fPaXsbX5/view?usp=drive_link',NULL,'WAITING',NULL,'2024-07-04 13:44:42','2024-07-04 13:44:42'),(12,11,212,'https://drive.google.com/file/d/15sktoevlJ6TaEGcfUSRZlyz8fPaXsbX5/view?usp=drive_link',NULL,'BROWSING_INTERVIEW',1,'2024-07-06 13:44:42','2024-07-06 13:44:42'),(13,11,213,'https://drive.google.com/file/d/15sktoevlJ6TaEGcfUSRZlyz8fPaXsbX5/view?usp=drive_link',NULL,'BROWSING_INTERVIEW',1,'2024-07-07 13:44:42','2024-07-07 13:44:42'),(14,11,214,'https://drive.google.com/file/d/15sktoevlJ6TaEGcfUSRZlyz8fPaXsbX5/view?usp=drive_link',NULL,'BROWSING_INTERVIEW',2,'2024-07-05 13:44:42','2024-07-05 13:44:42'),(15,11,215,'https://drive.google.com/file/d/15sktoevlJ6TaEGcfUSRZlyz8fPaXsbX5/view?usp=drive_link',NULL,'BROWSING_INTERVIEW',2,'2024-07-05 13:44:42','2024-07-05 13:44:42'),(16,11,216,'https://drive.google.com/file/d/15sktoevlJ6TaEGcfUSRZlyz8fPaXsbX5/view?usp=drive_link',NULL,'PASSED',2,'2024-07-04 13:44:42','2024-07-04 13:44:42'),(17,11,217,'https://drive.google.com/file/d/15sktoevlJ6TaEGcfUSRZlyz8fPaXsbX5/view?usp=drive_link',NULL,'PASSED',2,'2024-07-06 13:44:42','2024-07-06 13:44:42'),(18,12,218,'https://drive.google.com/file/d/15sktoevlJ6TaEGcfUSRZlyz8fPaXsbX5/view?usp=drive_link',NULL,'WAITING',NULL,'2024-07-07 13:44:42','2024-07-07 13:44:42'),(19,12,219,'https://drive.google.com/file/d/15sktoevlJ6TaEGcfUSRZlyz8fPaXsbX5/view?usp=drive_link',NULL,'WAITING',NULL,'2024-07-05 13:44:42','2024-07-05 13:44:42'),(20,12,220,'https://drive.google.com/file/d/15sktoevlJ6TaEGcfUSRZlyz8fPaXsbX5/view?usp=drive_link',NULL,'WAITING',NULL,'2024-07-05 13:44:42','2024-07-05 13:44:42'),(21,12,221,'https://drive.google.com/file/d/15sktoevlJ6TaEGcfUSRZlyz8fPaXsbX5/view?usp=drive_link',NULL,'BROWSING_INTERVIEW',1,'2024-07-06 13:44:42','2024-07-06 13:44:42'),(22,12,222,'https://drive.google.com/file/d/15sktoevlJ6TaEGcfUSRZlyz8fPaXsbX5/view?usp=drive_link',NULL,'BROWSING_INTERVIEW',1,'2024-07-06 13:44:42','2024-07-06 13:44:42'),(23,12,223,'https://drive.google.com/file/d/15sktoevlJ6TaEGcfUSRZlyz8fPaXsbX5/view?usp=drive_link',NULL,'BROWSING_INTERVIEW',2,'2024-07-04 13:44:42','2024-07-04 13:44:42'),(24,12,224,'https://drive.google.com/file/d/15sktoevlJ6TaEGcfUSRZlyz8fPaXsbX5/view?usp=drive_link',NULL,'BROWSING_INTERVIEW',2,'2024-07-05 13:44:42','2024-07-05 13:44:42'),(25,12,225,'https://drive.google.com/file/d/15sktoevlJ6TaEGcfUSRZlyz8fPaXsbX5/view?usp=drive_link',NULL,'PASSED',2,'2024-07-07 13:44:42','2024-07-07 13:44:42'),(26,10,226,'https://drive.google.com/file/d/15sktoevlJ6TaEGcfUSRZlyz8fPaXsbX5/view?usp=drive_link',NULL,'PASSED',2,'2024-07-05 13:44:42','2024-07-05 13:44:42'),(27,10,102,'https://drive.google.com/file/d/1u7AcMk8e-P2qZMN_uRAC1qQ4aFdCIWHB/view','Lập trình Java, PHP, HTML, CSS, JavaScript, jQuery, Bootstrap Cơ sở dữ liệu MySQL, PostGreSQL ','WAITING',NULL,'2024-07-08 14:43:06','2024-07-08 14:43:06'),(28,10,103,'https://drive.google.com/file/d/11Db_vQQs9y0eNSVFIKgXdwrx0IELl-4I/view','Lập trình Java, PHP, HTML, CSS, JavaScript, jQuery, Bootstrap Cơ sở dữ liệu MySQL, PostGreSQL ','WAITING',NULL,'2024-07-08 14:44:20','2024-07-08 14:44:20'),(29,10,104,'https://drive.google.com/file/d/1X3amyX-bEPrPqOLat1ZkGHfS4wWcZiYL/view','Lập trình Java, PHP, Laravel, HTML, CSS, JavaScript, jQuery, ReactJS, Bootstrap Cơ sở dữ liệu MySQL, PostGreSQL ','WAITING',NULL,'2024-07-08 14:44:59','2024-07-08 14:44:59'),(30,10,105,'https://drive.google.com/file/d/1OUq6cbCwSeI5u4H-iRnPHBrUvTbklIHi/view','Lập trình Java, PHP, Laravel, HTML, CSS, JavaScript, jQuery, ReactJS, Bootstrap Cơ sở dữ liệu MySQL, PostGreSQL ','WAITING',NULL,'2024-07-08 14:45:34','2024-07-08 14:45:34'),(31,10,106,'https://drive.google.com/file/d/1xiUBuj7KhcyuaibJsGirSgKNBJslC-gO/view','Lập trình Java, PHP, Laravel, HTML, CSS, JavaScript, jQuery, ReactJS, Bootstrap Cơ sở dữ liệu MySQL, PostGreSQL ','WAITING',NULL,'2024-07-08 14:46:14','2024-07-08 14:46:14'),(32,10,107,'https://drive.google.com/file/d/1TG1lqKmKqptQLZ8DfB3z7saTwLgLVtCN/view','Lập trình Java, PHP, HTML, CSS, JavaScript, jQuery, ReactJS Cơ sở dữ liệu PostGreSQL ','WAITING',NULL,'2024-07-08 14:46:49','2024-07-08 14:46:49'),(33,10,108,'https://drive.google.com/file/d/1wRSSUVc0WJhJYtbkzbduPzhZjo4fxNhe/view','Lập trình Java, PHP, HTML, CSS, JavaScript, jQuery, ReactJS Cơ sở dữ liệu PostGreSQL ','WAITING',NULL,'2024-07-08 14:47:14','2024-07-08 14:47:14'),(34,10,109,'https://drive.google.com/file/d/1_YJ4waGbnODY4gUDL-kBI9zta70SovwO/view','Lập trình Java, PHP, HTML, CSS, JavaScript, jQuery, ReactJS, Bootstrap Cơ sở dữ liệu MySQL, PostGreSQL ','WAITING',NULL,'2024-07-08 14:47:36','2024-07-08 14:47:36'),(35,10,110,'https://drive.google.com/file/d/1AgHVMXhgJ_PCIHT7hP4YbVC0LMdfNQNA/view','Lập trình Java, PHP, HTML, CSS, JavaScript, jQuery, ReactJS, Bootstrap Cơ sở dữ liệu MySQL, PostGreSQL ','WAITING',NULL,'2024-07-08 14:48:31','2024-07-08 14:48:31'),(36,10,111,'https://drive.google.com/file/d/1pQ8x7jJnWNiGi36igMRb0YO72NekjmnX/view','Lập trình Java, PHP, HTML, CSS, JavaScript, jQuery, ReactJS, Bootstrap Cơ sở dữ liệu MySQL, PostGreSQL ','WAITING',NULL,'2024-07-08 14:50:27','2024-07-08 14:50:27');
/*!40000 ALTER TABLE `job_applying` ENABLE KEYS */;
UNLOCK TABLES;

--
-- Table structure for table `job_industry`
--

DROP TABLE IF EXISTS `job_industry`;
/*!40101 SET @saved_cs_client     = @@character_set_client */;
/*!50503 SET character_set_client = utf8mb4 */;
CREATE TABLE `job_industry` (
  `job_id` bigint unsigned NOT NULL,
  `industry_id` bigint unsigned NOT NULL,
  PRIMARY KEY (`job_id`,`industry_id`)
) ENGINE=InnoDB DEFAULT CHARSET=utf8mb4 COLLATE=utf8mb4_unicode_ci;
/*!40101 SET character_set_client = @saved_cs_client */;

--
-- Dumping data for table `job_industry`
--

LOCK TABLES `job_industry` WRITE;
/*!40000 ALTER TABLE `job_industry` DISABLE KEYS */;
INSERT INTO `job_industry` VALUES (1,1),(2,1),(3,1),(3,3),(4,1),(5,1),(6,1),(7,1),(8,1),(9,4),(9,5),(10,1),(11,1),(12,5),(13,1),(14,1),(15,5),(16,1),(17,1),(18,1),(18,3),(19,1),(20,1),(21,1),(22,1),(22,2),(23,3),(23,6),(24,1),(25,1),(26,3),(27,1),(28,1),(29,1),(30,1),(31,1),(32,1),(32,7),(33,1),(34,3),(35,1),(36,1),(37,1),(38,1),(39,1),(40,1),(41,1),(41,3),(42,1),(43,1),(44,1),(45,1),(46,3),(46,8),(47,1),(48,1),(48,9),(49,1),(50,1),(51,1),(52,1),(53,7),(54,7),(55,1),(56,7),(57,3);
/*!40000 ALTER TABLE `job_industry` ENABLE KEYS */;
UNLOCK TABLES;

--
-- Table structure for table `job_location`
--

DROP TABLE IF EXISTS `job_location`;
/*!40101 SET @saved_cs_client     = @@character_set_client */;
/*!50503 SET character_set_client = utf8mb4 */;
CREATE TABLE `job_location` (
  `job_id` bigint unsigned NOT NULL,
  `location_id` bigint unsigned NOT NULL,
  PRIMARY KEY (`job_id`,`location_id`)
) ENGINE=InnoDB DEFAULT CHARSET=utf8mb4 COLLATE=utf8mb4_unicode_ci;
/*!40101 SET character_set_client = @saved_cs_client */;

--
-- Dumping data for table `job_location`
--

LOCK TABLES `job_location` WRITE;
/*!40000 ALTER TABLE `job_location` DISABLE KEYS */;
INSERT INTO `job_location` VALUES (1,1),(2,1),(3,1),(4,1),(5,1),(6,1),(7,1),(8,1),(9,1),(10,1),(11,1),(12,1),(13,1),(14,1),(15,1),(16,1),(17,1),(18,1),(19,1),(20,1),(21,1),(22,2),(23,2),(24,2),(25,2),(26,2),(27,2),(28,2),(29,2),(30,2),(31,2),(32,2),(33,2),(34,2),(35,1),(36,1),(37,1),(38,1),(39,1),(40,1),(41,1),(42,2),(43,2),(44,2),(45,2),(46,1),(47,2),(48,2),(49,1),(50,1),(51,1),(52,1),(53,1),(54,1),(55,1),(56,1),(57,1);
/*!40000 ALTER TABLE `job_location` ENABLE KEYS */;
UNLOCK TABLES;

--
-- Table structure for table `jobs`
--

DROP TABLE IF EXISTS `jobs`;
/*!40101 SET @saved_cs_client     = @@character_set_client */;
/*!50503 SET character_set_client = utf8mb4 */;
CREATE TABLE `jobs` (
  `id` bigint unsigned NOT NULL AUTO_INCREMENT,
  `employer_id` bigint unsigned NOT NULL,
  `jtype_id` bigint unsigned NOT NULL,
  `jlevel_id` bigint unsigned NOT NULL,
  `jname` varchar(150) COLLATE utf8mb4_unicode_ci NOT NULL,
  `address` text COLLATE utf8mb4_unicode_ci,
  `amount` int unsigned DEFAULT NULL,
  `min_salary` int unsigned DEFAULT NULL,
  `max_salary` int unsigned DEFAULT NULL,
  `yoe` tinyint unsigned DEFAULT NULL,
  `gender` tinyint unsigned DEFAULT NULL,
  `description` text COLLATE utf8mb4_unicode_ci,
  `requirements` text COLLATE utf8mb4_unicode_ci,
  `benefits` text COLLATE utf8mb4_unicode_ci,
  `expire_at` date DEFAULT NULL,
  `interview_round_num` tinyint unsigned NOT NULL DEFAULT '1',
  `latitude` double unsigned DEFAULT NULL,
  `longitude` double unsigned DEFAULT NULL,
  `is_active` tinyint(1) NOT NULL DEFAULT '1',
  `created_at` timestamp NULL DEFAULT NULL,
  `updated_at` timestamp NULL DEFAULT NULL,
  PRIMARY KEY (`id`)
) ENGINE=InnoDB AUTO_INCREMENT=58 DEFAULT CHARSET=utf8mb4 COLLATE=utf8mb4_unicode_ci;
/*!40101 SET character_set_client = @saved_cs_client */;

--
-- Dumping data for table `jobs`
--

LOCK TABLES `jobs` WRITE;
/*!40000 ALTER TABLE `jobs` DISABLE KEYS */;
INSERT INTO `jobs` VALUES (1,11,3,1,'Thực Tập Sinh Lập Trình PHP','Hà Nội: Láng Thượng, Đống Đa',4,NULL,NULL,0,0,'- Học các công cụ, framework mà công ty đang sử dụng\n                - Xây dựng, chỉnh sửa giao diện HTML, CSS, Javascript\n                - Cập nhật các tính năng của website bằng Laravel\n                - Tìm hiểu, tra cứu tài liệu trên internet để xử lý công việc\n                - Cụ thể trao đổi khi phỏng vấn','● Đam mê tìm hiểu về các công nghệ lập trình.\n                ● Vừa tốt nghiệp hoặc sinh viên năm cuối đang trong kì đồ án các trường cao đẳng, đại học,....\n                ● Chăm chỉ, có khả năng tự nghiên cứu, giao tiếp tốt.Có kinh nghiệm làm việc với: HTML, CSS, SASS, PHP, Javascript\n                ● Biết về chuẩn BEM, PSR coding convention\n                ● Sử dụng thành thạo: Laravel, Bootstrap\n                ● Có kiến thức về OOP, MVC\n                ● Có kinh nghiệm làm việc với: Git, Git bash, VSCode Git Extension\n                ● Sử dụng thành thạo VSCode, Sublime Text\n                ● Ưu tiên ứng viên biết về: Angular, React\n                ● Chăm chỉ, kiên trì, cẩn thận trong công việc\n                ● Đam mê, có tinh thần cầu tiến\n                ● Có khả năng tự học\n                ● Ưu tiên ứng viên biết tiếng Anh','● Công việc năng động, sáng tạo, được học hỏi kinh nghiệm trong các dự án thực tế với các dự án hiện đại, đa dạng của nước ngoài.\n                ● Môi trường làm việc thân thiện, văn minh, chuyên nghiệp.\n                ● Được làm việc theo quy trình chuyên nghiệp, theo mô hình Agile\n                ● Cơ hội nâng cao trình độ ngoại ngữ và kỹ năng phát triển nghề nghiệp, có nhiều cơ hội thăng tiến trong công việc.\n                ● Các chế độ phúc lợi, chế độ bảo hiểm theo quy định của Công ty và pháp luật Nhà nước sau khi trở thành nhân viên chính thức của công ty.\n                ● Thời gian thực tập có thể rút ngắn tùy năng lực của bạn. Cơ hội lên chính thức và deal lương sau quá trình thực tập.','2024-08-15',3,21.011024,105.814989,1,'2024-07-06 13:44:42','2024-07-06 13:44:42'),(2,11,3,1,'Thực Tập Sinh Lập Trình Viên JavaScript','Hà Nội: Láng Thượng, Đống Đa',4,NULL,NULL,0,0,'● Sử dụng Javascript tham gia phát triển các website, ứng dụng mobile.\n                ● Làm việc, phối hợp công việc theo nhóm dưới sự phân công công việc của quản lý dự án.                \n                ● Chi tiết trao đổi khi phỏng vấn','● Định hướng fullstack Nestjs + Angular\n\n                ●Tư duy lập trình, tư duy logic hệ thống\n                ● Ham học hỏi & có khả năng thích nghi với Ngôn ngữ lập trình và Công nghệ mới\n                ● Tinh thần tự giác, làm việc cẩn thận, trách nhiệm\n                ● Có kiến thức về HTML/CSS\n                ● Có kiến thức về Javascript, NodeJS\n                ● Có hiểu biết về thiết kế cơ sở dữ liệu: MySQL, Postgres, MongoDB, ...\n                ● Có hiểu biết về OOP, MVC, Design pattern\n                \n                Ưu tiên:\n                ● Ưu tiên sinh viên năm cuối hoặc mới tốt nghiệp.\n                ● Ưu tiên ứng viên đã từng sử dụng các thư viện hoặc framework liên quan đến javascript: Node.js, ExpressJS, Angular, React, Vuejs, React-native,...','● Có mức hỗ trợ thực tập + thưởng Lễ, Tết,...\n                ● Lộ trình thăng tiến rõ ràng, cơ hội lên làm nhân viên chính thức. Môi trường năng động, sáng tạo, được leader giỏi chỉ dẫn, được làm việc với các dự án hiện đại, đa dạng của nước ngoài.\n                ● Quy trình chuẩn mực theo tiêu chuẩn Agile.\n                ● Các chế độ phúc lợi, chế độ bảo hiểm theo quy định của Công ty và pháp luật Nhà nước khi trở thành nhân viên chính thức\n                ● Đồng nghiệp thân thiện, được tham gia các hoạt động của công ty: team building, happy hour,...','2024-08-15',3,21.011024,105.814989,1,'2024-07-06 13:44:42','2024-07-06 13:44:42'),(3,11,1,2,'Nhân Viên Kinh Doanh','Hà Nội: 85 Nguyễn Chí Thanh, Láng Hạ, Đống Đa',1,7,15,NULL,NULL,'Chăm sóc khách hàng để xúc tiến gia hạn hợp đồng:\n                - Thông báo hợp đồng hết hạn.\n                - Làm hợp đồng gia hạn với khách hàng.\n                - Cập nhật thông tin khách hàng khi có thay đổi.\n                Tiếp nhận các yêu cầu về dịch vụ từ khách hàng và chuyển tiếp tới các bộ phận xử lý yêu cầu.\n                Tư vấn bán hàng khi có phát sinh:\n                - Tư vấn, báo giá các dịch vụ của công ty tới khách hàng có nhu cầu (các dịch vụ tên miền, hosting, SSL, email, thiết kế website...)\n                - Làm hợp đồng cung cấp dịch vụ với khách hàng.\n                Đăng tin sản phẩm, chương trình khuyến mại diễn đàn thông tin, Blog, mạng xã hội ...\n                Thực hiện các công việc khác theo phân công của trưởng bộ phận','Ưu tiên có 01 năm kinh nghiệm sale\n                Đã có kinh nghiệm làm việc trong các công ty về lĩnh vực công nghệ thông tin là một lợi thế, chưa có kinh nghiệm sẽ được hướng dẫn, đào tạo.\n                Có khả năng làm việc độc lập và làm việc nhóm tốt;\n                Có tính năng động, giọng nói rõ ràng, lưu loát;\n                Có tính cẩn thận và trách nhiệm với công việc;\n                Sẵn sàng làm việc theo ca kíp khi công việc yêu cầu;\n                Ưu tiên các bạn có các kiến thức, kỹ năng về chăm sóc khách hàng;\n                Điểm cộng:\n                - Có hiểu biết về website, mobile app;\n                - Có hiểu biết về Marketing (FB ads, Google adwords,...) là một lợi thế.','Công việc ổn định, phát triển;\n                Được làm việc trong môi trường thân thiện, trẻ trung, vui vẻ mang tính xây dựng cao;\n                Được làm việc, nâng cao trình độ và kỹ năng nghề nghiệp, chuyên môn.\n                Được đào tạo thêm kiến thức về công nghệ thông tin\n                Được thưởng các ngày nghỉ Lễ, Tết.\n                Được hưởng các chế độ phúc lợi, chế độ bảo hiểm theo quy định của Công ty và pháp luật Nhà nước.','2024-08-15',1,21.011024,105.814989,1,'2024-07-02 13:44:42','2024-07-02 13:44:42'),(4,12,3,1,'Thực Tập Lập Trình PHP','Hà Nội: 91 Nguyễn Chí Thanh, Đống Đa',5,2,3,NULL,NULL,'Tham gia vào các dự án phát triển website thương mại điện tử (Laravel)\n                Nâng cấp các sản phẩm hoặc viết mới theo nhu cầu của công ty. -\n                Các công việc khác theo chỉ đạo của Manager.','- Có kiến thức căn bản về Laravel, PHP, MySQL/JS, HTML/CSS...\n                - Sắp/đã tốt nghiệp chuyên ngành CNTT, điện tử viễn thông hoặc các ngành liên quan.\n                - Có kiến thức cơ bản về một trong những ngôn ngữ trên, đã có kinh nghiệm làm Bài tập lớn, đồ án, thực tập...\n                - Có ý tốt trong công việc: Nghiêm túc thực hiện và hoàn thành các công việc được giao.','- Được training on job dự án thực tế của Netbase, tham gia toàn bộ quá trình phát triển sản phẩm thực tế của công ty.\n                - Nâng cao năng lực chuyên môn, ngoại ngữ và kỹ năng mềm trong suốt quá trình làm việc.\n                - Trải nghiệm cùng học tập và làm việc cùng các chuyên gia công nghệ hàng đầu tại Netbase. Được các anh Mentors hàng đầu Netbase hướng dẫn đào tạo.\n                - Xác định lộ trình nghề nghiệp rõ ràng, đãi ngộ xứng đáng và nhiều cơ hội thăng tiến.\n                - Có phụ cấp lương và gửi xe trong thời gian thực tập.','2024-08-15',3,21.00822,105.807611,1,'2024-07-02 13:44:42','2024-07-02 13:44:42'),(5,12,3,1,'Thực Tập Lập Trình React JS','Hà Nội: 91 Nguyễn Chí Thanh, Đống Đa',2,2,3,NULL,NULL,'- Tham gia vào các dự án phát triển website thương mại điện tử, nâng cấp các sản phẩm hoặc viết mới theo nhu cầu của công ty.\n                - Đảm bảo codes chất lượng và được tối ưu hoá.\n                - Làm việc theo mô hình Scrum, quy trình Agile, hệ thống quản lý dự án Redmine/Jira/Git ...','- Có kiến thức căn bản về MySQL, JS, HTML/CSS/ReactJS\n                - Sắp/đã tốt nghiệp chuyên ngành Công nghệ thông tin, Toán tin, Khoa học máy tính, Kỹ thuật phần mềm... hoặc các chuyên ngành có liên quan.\n                - Ưu tiên từng có project (dự án thật hoặc đồ án hoặc sản phẩm) làm bằng react.\n                - Có ý tốt trong công việc: Nghiêm túc thực hiện và hoàn thành các công việc được giao.\n                \n                -Ưu tiên UV làm fullstack','- Được trainning on job dự án thực tế của Netbase, tham gia toàn bộ quá trình phát triển sản phẩm thực tế của công ty.\n                - Nâng cao năng lực chuyên môn, ngoại ngữ và kỹ năng mềm trong suốt quá trình làm việc.\n                - Trải nghiệm cùng học tập và làm việc cùng các chuyên gia công nghệ hàng đầu tại Netbase. Được các anh Mentors hàng đầu Netbase hướng dẫn đào tạo.\n                - Xác định lộ trình nghề nghiệp rõ ràng, đãi ngộ xứng đáng và nhiều cơ hội thăng tiến.\n                - Có phụ cấp trong thời gian thực tập.\n                - Được tham gia các khóa học đào tạo về kỹ năng phát triển con người.','2024-08-15',3,21.00822,105.807611,1,'2024-07-06 13:44:42','2024-07-06 13:44:42'),(6,12,1,2,'WordPress Developer Fullstack','Hà Nội: 91 Nguyễn Chí Thanh, Đống Đa',2,7,12,1,0,'Phát triển các website trên nền tảng WordPress Theme Framework đã xây dựng hoặc làm mới.\n                Tham gia lập trình website dự án bằng WordPress, thành thạo ngôn ngữ PHP, cơ sở dữ liệu MySQL; HTML5, CSS3, JavaScript.\n                Tham gia các dự án xây dựng ứng dụng phục vụ nhu cầu của Công ty.\n                Phối hợp cùng team Account tiếp nhận và tư vấn giải pháp website cho khách hàng\n                Phối hợp với BA, Designer và Developer khác để project được thực hiện đúng yêu cầu và deadline, xử lý lỗi và tối ưu hóa vận hành cho các tính năng hiện có.\n                Sử dụng công cụ Git (như GitHub, GitLab, BitBucket,...) để quản lý code và làm việc nhóm.','Có ít nhất 1 năm kinh nghiệm lập trình WordPress\n                Thành thạo WordPress cả Front End lẫn Back End.\n                Kiến thức cơ bản về HTML/CSS/JAVASCRIPT, thành thạo sử dụng bootstrap version 4.0 trở lên;\n                Có tư duy hệ thống, tư duy logic tốt, tiếp thu kiến thức mới nhanh, có khả năng chủ động giải quyết vấn đề;\n                Có khả năng đọc hiểu tiếng Anh phục vụ công việc.','Luôn được hướng dẫn tư duy Logic nghiệp vụ\n                Các buổi training chuyên sâu kỹ thuật/ kỹ năng mềm định kỳ\n                Làm việc tại một môi trường thoải mái về đồng phục nhưng chuẩn mực về thái độ\n                Leader luôn tạo điều kiện học hỏi và phát triển thông qua các buổi Seminar, giúp nâng cao tay nghề, tư duy làm việc chuyên nghiệp\n                Mức lương hấp dẫn dựa trên năng lực và kinh nghiệm\n                Lương tháng 13 + thưởng triền miên cả năm: thưởng theo dự án, thưởng sáng kiến, thưởng nóng/đột xuất\n                Được hưởng đầy đủ các chính sách về lao động theo luật lao động: Ngày làm 8 tiếng, luân phiên nghỉ thứ Bảy để có thời gian về quê hoặc xả stress, bảo hiểm, nghỉ lễ, nghỉ tết, ốm đau,....\n                Du lịch hàng năm cùng các hoạt động Team Building khác..','2024-08-15',3,21.00822,105.807611,1,'2024-07-06 13:44:42','2024-07-06 13:44:42'),(7,13,3,1,'Thực Tập Sinh PHP -D2','Hà Nội: Tầng 3 Hoàng Ngọc Tower, Lô C2C, ngõ 72 Trần Thái Tông, Phường Dịch Vọng Hậu, Quận Cầu Giấy, Thành phố Hà Nội, Việt Nam, Cầu Giấy',2,3,6,NULL,NULL,'- Hoàn thành khóa training về lập trình backend bằng PHP (Laravel) và frontend bằng JS/TS (Vuejs hoặc Reactjs) của công ty với kết quả tốt\n                - Tham gia vào dự án OJT của công ty\n                - Sử dụng PHP để làm BE cho các dự án, có thể sử dụng thêm JS/TS để làm FE\n                - Làm việc, phối hợp công việc theo nhóm dưới sự phân công công việc của quản lý dự án.','- Sinh viên năm 3, năm 4 chuyên ngành IT các trường đại học\n                - Yêu thích lập trình, thích tìm hiểu công nghệ mới, sẵn sàng học ngôn ngữ mới, không chỉ ngôn ngữ được training\n                - Hiểu cơ bản về ngôn ngữ PHP, đã và đang sử dụng ngôn ngữ PHP để làm các project trên trường và cá nhân\n                - Có tư duy lập trình tốt, nắm được các kiến thức nền về lập trình, thuật toán, cơ sở dữ liệu\n                - Sử dụng cơ bản được linux (ubuntu, redhat...)\n                - Nhanh nhẹn, chăm chỉ, ham học hỏi, cầu tiến\n                \n                Điểm cộng:\n                - Đã từng làm các framework PHP (Laravel, Yii, CakePHP...) là một lợi thế\n                - Ưu tiên khả năng tiếng Anh, tiếng Nhật tốt.','+ Giai đoạn 1: Đào tạo: Trợ cấp 2,000,000vnd/tháng. Yêu cầu bắt buộc ít nhất 100h làm việc/tháng.\n                + Giai đoạn 2: OJT. Sau khi được đánh giá hoàn thành giai đoạn Đào tạo, nhân viên thực tập sẽ được tham gia dự án thật dưới sự hướng dẫn của các Lập trình viên cấp cao. Mức lương trong giai đoạn dao động từ 3,000,000vnd - 6,000,000vnd/tháng. Offer theo năng lực và và thời gian làm việc của từng cánhân.\n                + Giai đoạn 3: Sau khi hoàn thành thử thách ở giai đoạn OJT, thực tập sinh sẽ được ký Hợp đồng chính thức nếu đã tốt nghiệp/ đi làm được toàn thời gian hoặc Hợp đồng Cộng tác viên nếu đi làm bán thời gian. Mức lương theo năng lực và được hưởng các chế độ nhân sự khác dành cho nhân\n                viên chính thức.\n                + Được hưởng các chính sách phúc lợi theo quy định của công ty.                \n                ','2024-08-15',3,21.029937,105.785086,1,'2024-07-04 13:44:42','2024-07-04 13:44:42'),(8,13,1,2,'Lập Trình Viên PHP','Hà Nội: Tầng 3 Hoàng Ngọc Tower, Lô C2C, ngõ 72 Trần Thái Tông, Phường Dịch Vọng Hậu, Quận Cầu Giấy, Thành phố Hà Nội, Việt Nam, Cầu Giấy',1,15,30,3,NULL,'Tham gia vào nâng cấp hệ thống đang chạy của khách hàng lên phiên bản mới\n                Sửa lỗi , test các tính năng theo yêu cầu của khách hàng','Có kinh nghiệm trong lập trình web ngôn ngữ PHP ít nhất từ 3 năm trở lên\n                Có kinh nghiệm sử dụng PHP Laravel ít nhất 2.5 năm trở lên\n                Có kinh nghiệm làm việc với môi trường Linux (Ubuntu,Centos...)\n                Có kinh nghiệm sử dụng / tích hợp với service bên thứ 3 như AWS , Payment gateway.','1. Công ty cung cấp thiết bị làm việc cho toàn bộ nhân viên chính thức (bao gồm thử việc)\n                2. Tổng thu nhập một năm: 14++ tháng lương\n                3. Join vào dự án ODC. Khi join dự án bắt đầu từ tháng thứ 4 trở lên\n                4. Trợ cấp tiếng Nhật, và các chứng chỉ IT liên quan (hình thức: trợ cấp hàng tháng, hỗ trợ chi phí thi, tăng lương...)\n                5. Thưởng thâm niên cho các nhân sự làm việc tại công ty lên tới 10.000.000vnd. Thưởng Tết Dương Lịch, Sinh Nhật Công ty\n                6. Xét tăng lương theo năng lực và kết quả công việc: 2 lần/năm (T6 và T12)\n                7. Được tham gia các Câu lạc bộ dưới sự tài trợ chính thức của Công ty: CLB Bóng đá, các CLB Game, Hobby, tham gia các bữa tiệc sinh nhật, team building hàng quý, hoạt động ngoại khóa của công ty ...\n                8. Có cơ hội được onsite tại thị trường Nhật Bản.\n                9. Thời gian làm việc: từ thứ 2 đến thứ 6 từ 8h30 - 17h30 (Nghỉ thứ 7, CN). Thời gian làm việc linh động\n                10. Môi trường làm việc chuyên nghiệp, cởi mở, thân thiện.\n                11. Cơ hội thăng tiến cao trong môi trường tăng trưởng liên tục\n                12. Du lịch 2 lần/năm.','2024-08-15',3,21.029937,105.785086,1,'2024-07-02 13:44:42','2024-07-02 13:44:42'),(9,13,1,2,'Nhân Viên Hành Chính- Lễ Tân','Hà Nội: Tầng 3 Hoàng Ngọc Tower, Lô C2C, ngõ 72 Trần Thái Tông, Phường Dịch Vọng Hậu, Quận Cầu Giấy, Thành phố Hà Nội, Việt Nam, Cầu Giấy',2,6,8,0,1,'Thực hiện các công việc Hành chính văn phòng\n                Tiếp đón khách ra vào công ty.\n                Quản lý trang thiết bị trong công ty, thực hiện mua sắm trang thiết bị theo yêu cầu của các phòng ban\n                Làm việc với Nhà cung cấp\n                Phối hợp tổ chức các hoạt động văn hóa nội bộ trong công ty như sinh nhật, teambuilding, du lịch,sumup...\n                Hỗ trợ các công việc Nhân sự nếu có đam mê\n                Một số công việc khác theo sự sắp xếp của quản lý trực tiếp.','Có kinh nghiệm từ 06 tháng trong lĩnh vực Hành chính-Văn Phòng, Nhân sự\n                Năng động, nhiệt tình, không ngại khó. Hành xử chuyên nghiệp.\n                Ngoại hình tốt là một điểm cộng\n                Sinh năm 2000-2002','1. Công ty cung cấp thiết bị làm việc cho toàn bộ nhân viên chính thức (bao gồm thử việc)\n                2. Tổng thu nhập một năm: 14++ tháng lương\n                3. Trợ cấp dự án ODC cho Lập trình viên. Khi join dự án bắt đầu từ tháng thứ 4 trở lên\n                4. Trợ cấp tiếng Nhật, và các chứng chỉ IT liên quan (hình thức: trợ cấp hàng tháng, hỗ trợ chi phí thi, tăng lương...)\n                5. Thưởng thâm niên cho các nhân sự gắn bó lâu dài trong công ty lên tới 10M/lần. Thưởng Lễ/Tết 2 lần/năm (Tết Dương lịch/Sinh nhật Công ty)\n                6. Khám sức khỏe toàn công ty vào tháng 6 hàng năm\n                7. Xét tăng lương theo năng lực và kết quả công việc: 2 lần/năm (T6 và T12)\n                8. Được tham gia các Câu lạc bộ dưới sự tài trợ chính thức của Công ty: CLB Bóng đá, các CLB Game, Hobby, tham gia các bữa tiệc sinh nhật, team building hàng quý, hoạt động ngoại khóa của công ty ...\n                9. Thời gian làm việc từ thứ 2 đến thứ 6 từ 8h30 - 17h30 (Nghỉ thứ 7, CN). Thời gian làm việc linh động\n                10. Môi trường làm việc chuyên nghiệp, cởi mở, thân thiện.\n                11. Cơ hội thăng tiến cao trong môi trường tăng trưởng liên tục\n                12. Du lịch 2 lần/năm..','2024-08-15',1,21.029937,105.785086,1,'2024-07-06 13:44:42','2024-07-06 13:44:42'),(10,14,2,1,'Thực Tập Sinh PHP','Hà Nội: Tầng 14, 16, 18, 19, 20 Tòa Viwaseen, 48 Tố Hữu, Nam Từ Liêm',2,NULL,3,NULL,NULL,'Tham gia chương trình đào tạo về lập trình website thương mại điện tử trên nền tảng Magento 2 trong thời gian 2 tháng bằng ngôn ngữ PHP\n                Được đào tạo chuyên sâu về lập trình Magento và thương mại điện tử, làm quen với các công cụ và quy trình quản lý dự án chuyên nghiệp (hệ thống quản lý dự án nội bộ, GIT, công cụ validate code...)\n                Tham gia các dự án thực tế và tìm hiểu về các công nghệ trending trong ngành E-commerce: Varnish, Redis, Solr, Elasticsearch, Headless, integration với các hệ thống bên thứ 3','Sinh viên năm 3 trở lên và chưa tốt nghiệp, chuyên ngành Công nghệ thông tin hoặc các ngành có liên quan. Ưu tiên các bạn sinh viên Bách Khoa, ĐH Công nghệ, Bưu Chính.\n                Ưu tiên ứng viên có kiến thức về PHP, JavaScript, HTML5, CSS3, jQuery, ReactJS, NodeJS,...\n                Có thể tham gia chương trình part time ít nhất 20h/tuần (bắt buộc). Các bạn được sắp xếp lịch làm việc linh hoạt theo lịch học\n                Có tư duy lập trình tốt và có khả năng đọc hiểu tiếng Anh cơ bản\n                Có kiến thức về ngôn ngữ lập trình PHP hoặc có kiến thức về ngôn ngữ khác nhưng sẵn sàng tìm hiểu, học hỏi và làm việc bằng ngôn ngữ PHP. Ưu tiên ứng viên có kiến thức về PHP, JavaScript, HTML5, CSS3, jQuery...\n                Năng động, nhiệt huyết, ham học hỏi và chịu được áp lực công việc cao. Là người có bản lĩnh, tư duy nhạy bén và linh hoạt với kiến thức, công nghệ mới\n                Yêu thích môi trường nhiệt huyết máu lửa, dám nghĩ dám làm, chịu được áp lực cao, khát khao cống hiến và gắn bó','Nhận lương hỗ trợ thực tập: 3 triệu/ tháng và được cung cấp máy tính để bàn, hỗ trợ phí gửi xe.\n                Có lộ trình phát triển rõ ràng và cơ hội trở thành nhân viên chính thức sau 02 tháng với mức lương khởi điểm lên tới 9.000.000 VNĐ/tháng.\n                Miễn phí chương trình training 2 tháng để làm quen quy trình làm việc chuyên nghiệp. Được hỗ trợ, hướng dẫn bởi những Magento Certified Developers với nhiều năm kinh nghiệm trong mỗi trường chuyên nghiệp.\n                Làm việc tại một trong những công ty Magento hàng đầu tại Việt Nam, trẻ trung, năng động, theo tiêu chuẩn quốc tế (100% khách hàng nước ngoài đến từ Bắc Mỹ, châu Âu, Úc...).\n                Được nâng cao năng lực làm việc với các buổi đào tạo của công ty về các kiến thức chuyên môn, kỹ năng tiếng Anh và các kỹ năng khác...\n                Được trải nghiệm văn hóa doanh nghiệp trẻ trung, sôi nổi với các hoạt động nội bộ được tổ chức thường xuyên: Sinh nhật thành viên, teambuilding, dã ngoại, du lịch...\n                Văn phòng tầng 14, 18, 16, 19, 20 view đẹp và có nhiều tiện nghi: trà, cafe free, máy chơi game PS5 máy massage, thư viện, boardgame,...','2024-08-15',2,20.9978385,105.7974438,1,'2024-07-03 13:44:42','2024-07-03 13:44:42'),(11,14,1,2,'FullStack Developer','Hà Nội: Tầng 14, 16, 18, 19, 20 Tòa Viwaseen, 48 Tố Hữu, Nam Từ Liêm',1,12,20,1,NULL,'- Phát triển các sản phẩm thương mại điện tử sử dụng PHP (ví dụ: Magento, Shopware)\n                - Tham gia lập trình cả back-end, front-end cho các dự án.\n                - Tham gia nghiên cứu, phát triển các giải pháp tích hợp website thương mại điện tử với CRM, ERP.\n                - Tham gia nghiên cứu các công nghệ mới liên quan tới WEB, phát triển tính năng và tối ưu sản phẩm phục vụ số lượng người dùng lớn.\n                - Làm việc với các thành viên khác của dự án. Tham gia vào quá trình phân tích và thiết kế hệ thống\n                - Luôn đảm bảo công việc với chất lượng cao và đáp ứng các yêu cầu của khách hàng\n                - Có khả năng làm việc độc lập cũng như làm việc nhóm tốt\n                - Có thể đưa ra các giải pháp, kỹ thuật giải quyết vấn đề khó khi cần thiết','- Tốt nghiệp đại học lĩnh vực khoa học máy tính, công nghệ phần mềm hoặc liên quan\n                - Ít nhất 1.5 năm kinh nghiệm thực tế trong việc phát triển WEB sử dụng PHP\n                - Thành thạo PHP OOP.\n                - Thành thạo Javascript căn bản, có kinh nghiệm với JQuery.\n                - Thành thạo GIT, BITBUCKET.\n                - Có kinh nghiệm làm việc với quy trình Agile (Scrum, Kanban)\n                - Giao tiếp tốt và chịu được áp lực công việc cao.\n                - Thái độ tích cực và trung thực trong công việc.','- Lương: upto 20M. Xét tăng lương 2 lần/năm.\n                - Thưởng dự án, quà tặng các dịp Lễ Tết, sinh nhật ....\n                - Thời gian làm việc 5 ngày 1 tuần, từ 8h30 đến 17h45.\n                - Có 13.5 ngày nghỉ phép/năm (12 ngày nghỉ phép theo quy định và 1.5 ngày nghỉ phép du lịch hàng năm) và các phúc lợi khác theo quy định của pháp luật.\n                - Làm việc tại một trong những công ty Magento hàng đầu tại Việt Nam với 2 Magento Maintainer cung cấp giải pháp thương mại toàn diện cho khách hàng quốc tế, đơn vị đầu tiên trên thế giới vừa là Select Extension Builder vừa là Business Solution Partner của Magento.\n                - Làm việc với 100% khách hàng nước ngoài.\n                - Được đào tạo về PHP, Magento và các nền tảng thương mại điện tử bởi Magento Solution Specialist, Magento Certified Developer có nhiều năm kinh nghiệm.\n                - Quy trình development, quản lý dự án chuyên nghiệp (Agile, Scrum, GIT, hệ thống validate code tự động...).\n                - Được tham gia thường xuyên các buổi training, test năng lực về các kiến thức chuyên môn, kỹ năng tiếng Anh và các kỹ năng làm việc khác...\n                - Môi trường làm việc trẻ trung (95% là 9x và GenZ), làm hết sức, chơi hết mình. Cơ hội tham gia vào các câu lạc bộ: bóng đá, chạy bộ ...\n                - Tham gia các chương trình team building, dã ngoại, sinh nhật thành viên, du lịch, từ thiện... được tổ chức thường xuyên.\n                - Văn phòng với nhiều tiện nghi: ghế massage, máy chơi game PS5, tủ sách ... Luôn có sẵn trà và cafe free tại công ty. Và 1 tủ đủ loại đồ uống để anh em có thể lấy lại hứng khởi làm việc bất cứ khi nào.\n                - Được cung cấp máy tính làm việc, đóng BHXH sau 2 tháng thử việc và các phúc lợi khác theo quy định của Luật lao động.','2024-08-15',2,20.9978385,105.7974438,1,'2024-07-02 13:44:42','2024-07-02 13:44:42'),(12,14,1,2,'Chuyên Viên Tuyển Dụng','Hà Nội: Tầng 14, 16, 18, 19, 20 Tòa Viwaseen, 48 Tố Hữu, Nam Từ Liêm',1,12,20,2,NULL,'Hoàn thành mục tiêu tuyển dụng được phân công\n                Nghiên cứu, đề xuất các kênh mới để mở muồn CV\n                Tiến hành tìm kiếm, thu hút, tạo nguồn ứng viên đa kênh\n                Tìm hiểu, phân tích yêu cầu tuyển dụng và lập kế hoạch tuyển dụng phù hợp\n                Lập và phân tích báo cáo kết quả tuyển dụng cho cấp trên và các vị trí liên quan\n                Chia sẻ insight, đề xuất giải pháp cải tiến quy trình tuyển dụng hiện tại\n                Phối hợp, hỗ trợ các thành viên khối HR xây dựng thương hiệu tuyển dụng, văn hóa doanh nghiệp, hợp tác; quảng bá thương hiệu tuyển dụng trên các kênh online, offline.\n                Thực hiện các nhiệm vụ khác theo sự phân công của cấp Quản lý.','22-28 tuổi, có từ 2 năm kinh nghiệm trong lĩnh vực tuyển dụng.\n                Có kinh nghiệm tuyển dụng các vị trí trong ngành IT là một lợi thế.\n                \n                Năng động, ham học hỏi, trách nhiệm, chỉnh chu, quyết liệt trong công việc\n                Cởi mở, thích giao thiệp, mở rộng mối quan hệ, kết nối mọi người. Có kỹ năng giao tiếp và xử lý tình huống tốt\n                Có kỹ năng quản lý thời gian, sắp xếp công việc\n                Có khả sử dụng tiếng Anh đọc hiểu trong công việc (tương đương TOEIC 650, IELTS 6.0)','Lương 12-17M GROSS + thưởng KPI tuyển dụng hàng quý, đánh giá tăng lương 2 lần/năm\n                Được cung cấp các nguồn lực cho tuyển dụng: hệ thống kênh social công ty, chi phí đăng tuyển, chi phí tổ chức sự kiện, chi phí làm partnership. chính sách thưởng giới thiệu nội bộ,... Hiring Manager hỗ trợ linh hoạt.\n                Được tham gia các hoạt động theo công việc thực tế/nhu cầu cá nhân:\n                Hoạt động hợp tác, tạo nguồn với các trường đại học hàng đầu như FTU, HUST, PTIT, UET, FPT, HaUI,..\n                Build up ATS (phần mềm tuyển dụng nội bộ)\n                Vận hành chiến dịch tuyển dụng đặc biệt do BSS thiết kế riêng\n                Phối hợp với IC và C&B xây dựng Employer Branding & tăng Employee Engagement\n                Văn hóa team trẻ trung support, nói “KHÔNG” với cạnh tranh nội bộ team và drama/ toxic\n                Khuyến khích việc phát triển kĩ năng chuyên môn, sharing kiến thức nội bộ. Hỗ trợ chi phí học các khóa học hoặc chứng chỉ nghiệp vụ\n                Văn phòng tầng 14, 16, 18, 19, 20, cơ sở vật chất tiện nghi: máy massage, PS5, máy phà cafe, thư viện,...\n                Thời gian làm việc: từ 8h30 - 18h, thứ 2 đến thứ 6 hàng tuần.\n                Nghỉ phép 13,5 ngày/năm, lương tháng 13, thưởng thâm niên, BHXH, khám sức khỏe hàng năm và phúc lợi khác đầy đủ theo quy định của luật Lao động','2024-08-15',2,20.9978385,105.7974438,1,'2024-07-03 13:44:42','2024-07-03 13:44:42'),(13,15,3,1,'Intern PHP Dev','Hà Nội: Tòa nhà Sông Đà, số 18 ngõ 165 đường Cầu Giấy, Cầu Giấy',3,NULL,15,NULL,NULL,'- Hỗ trợ phát triển các ứng dụng back-end website;\n                - Đảm bảo tối ưu hóa đa nền tảng cho điện thoại di động;\n                - Cùng team đảm bảo khả năng đáp ứng của các ứng dụng;\n                - Làm việc cùng với các nhà thiết kế đồ họa cho các tính năng thiết kế web;\n                - Hỗ trợ thiết kế và phát triển API;\n                - Theo kịp sự phát triển của các ứng dụng web và ngôn ngữ lập trình.\n                - Làm các công việc liên quan khác','- Đang học hoặc đã tốt nghiệp cao đẳng/ đại học chuyên ngành Công nghệ thông tin hoặc\n                hoàn thành các khóa học lập trình tương tự\n                - Có kinh nghiệm với PHP và một framework PHP (ưu tiên Laravel) là một lợi thế\n                - Kỹ năng giao tiếp tiếng Anh tốt\n                - Có kinh nghiệm hoặc kiến thức về 1 trong: VueJs, React Js, Angular Js là một lợi thế','- Trợ cấp 500.000 VNĐ/tháng\n                - Không chấm công, thời gian làm việc linh động, 20% thời gian làm việc từ xa (nghỉ t7, chủ nhật)\n                - 2 -3 tháng thử việc, cơ cơ hội lên nhân viên chính thức\n                - Review lương hàng năm\n                - Teambuilding hàng quý                \n                - Văn hóa trẻ, sôi động','2024-08-15',2,21.031497,105.796483,1,'2024-07-06 13:44:42','2024-07-06 13:44:42'),(14,15,3,1,'Middle Fullstack Developer','Hà Nội: Tòa nhà Sông Đà, số 18 ngõ 165 đường Cầu Giấy, Cầu Giấy',3,NULL,20,2,NULL,'- Phát triển các ứng dụng website;\n                - Tạo máy chủ và cơ sở dữ liệu cho chức năng;\n                - Đảm bảo tối ưu hóa đa nền tảng cho điện thoại di động;\n                - Đảm bảo khả năng đáp ứng của các ứng dụng;\n                - Làm việc cùng với các nhà thiết kế đồ họa cho các tính năng thiết kế web; - Nhìn thấu một dự án từ lúc hình thành đến khi hoàn thành sản phẩm;\n                - Thiết kế và phát triển API;\n                - Đáp ứng cả nhu cầu kỹ thuật và người tiêu dùng;\n                - Theo kịp sự phát triển của các ứng dụng web và ngôn ngữ lập trình.','-Có kinh nghiệm 2-3 năm tại vị trí tương đương\n                - Tốt nghiệp cao đẳng/ đại học chuyên ngành Công nghệ thông tin hoặc hoàn thành các khóa học lập trình tương tự\n                - Có kinh nghiệm với Laravel, React/Next JS\n                - Có kinh nghiệm với Symfony, CakePHP, Vue/Angular JS là điểm cộng                \n                - Có kinh nghiệm hoặc kiến thức về Docker, CICD, Microservice là điểm cộng                \n                - Kỹ năng giao tiếp tiếng Anh tốt','- Thu nhập tương ứng với khả năng, lên tới 20 triệu/tháng\n                - 14 tháng lương/năm\n                - Thời gian làm việc linh động, 20% thời gian làm việc từ xa (nghỉ t7, chủ nhật) - 2 tháng thử việc\n                - Review lương hàng năm\n                - Bảo hiểm bắt buộc và nghỉ phép theo Luật lao động hiện hành\n                - Khám sức khỏe định kỳ hàng năm\n                - Teambuilding hàng quý','2024-08-15',3,21.031497,105.796483,1,'2024-07-06 13:44:42','2024-07-06 13:44:42'),(15,15,1,2,'Junior Recruiter','Hà Nội: Tòa nhà Sông Đà, số 18 ngõ 165 đường Cầu Giấy, Cầu Giấy',2,NULL,10,0,NULL,'Hỗ trợ lập kế hoạch tuyển dụng căn cứ vào các đề xuất thực tế từ các phòng ban, đề xuất phương pháp tuyển dụng, chi phí tuyển dụng,...\n                Tiến hành tìm kiếm, đề xuất, đăng bài trên các kênh tuyển dụng\n                - Thực hiện việc sàng lọc hồ sơ ứng tuyển, liên hệ với các ứng viên và sắp xếp lịch phỏng vấn            \n                Hỗ trợ tổ chức phỏng vấn, kiểm tra, đánh giá năng lực của các ứng viên một cách chi tiết, kết hợp với các phòng ban chuyên môn để ra quyết định phù hợp\n                Theo dõi, tương tác với ứng viên xuyên suốt trong qua trình tuyển dụng, thông báo kết quả phỏng vấn cho các ứng viên trúng tuyển và gửi thư cảm ơn đối với những ứng viên không đạt.\n                Hỗ trợ tiếp nhận, hướng dẫn và phân công công việc cho nhân viên trong ngày đầu làm việc','Có ít nhất 6 tháng kinh nghiệm tại vị trí tương đương, có nền tảng tuyển dụng các vị trí IT là một lợi thế.\n                Kỹ năng giao tiếp tốt, Tiếng Anh tốt là một lợi thế\n                Kỹ năng giải quyết vấn đề, sắp xếp công việc, nhanh nhẹn, sẵn sàng học hỏi kiến thức mới\n                Có kỹ năng tương tác, đàm phán tốt là một lợi thế\n                Có tinh thần trách nhiệm, sẵn sàng tiếp nhận các công việc có độ khó cao\n                Sử dụng tốt các phần mềm tin học cơ bản như Word, Excel,...','Lương cứng : lên đến 10 triệu VNĐ/tháng\n                Tháng lương 13 + Thưởng kinh doanh cuối năm\n                Không chấm công\n                Làm việc Thứ Hai đến Thứ Sáu, nghỉ Thứ Bảy, Chủ nhật\n                Thời gian làm việc linh hoạt, được làm việc từ xa 20% thời gian\n                Thời gian thử việc 2 tháng\n                Xét tăng lương 1 năm/lần\n                BHXH, ngày nghỉ lễ tết theo quy định nhà nước, khám sức khỏe định kỳ hàng năm\n                Teambuilding dã ngoại 1 quý/lần','2024-08-15',3,21.031497,105.796483,1,'2024-07-02 13:44:42','2024-07-02 13:44:42'),(16,16,1,1,'Thực Tập Sinh PHP','Hà Nội: 56 Tố Hữu, Nam Từ Liêm',1,NULL,NULL,NULL,NULL,'Được đào tạo định hướng về Front-end và Back-end\n                Tham gia các dự án nước ngoài theo hình thức training on-job dưới sự hướng dẫn trực tiếp của Leader\n                Đọc hiểu tài liệu kỹ thuật, tìm hiểu và phân tích yêu cầu sản phẩm, thiết kế tính năng, nghiên cứu các công nghệ được phân công\n                Phối hợp với các thành viên trong team để thiết kế, triển khai các tính năng mới theo yêu cầu dự án\n                Thực hiên các công việc khác theo sự phân công của quản lý\n                Chi tiết sẽ trao đổi cụ thể khi phỏng vấn','Nắm vững các kiến thức về PHP\n                Có kiến thức tốt về MySQL, viết và tối ưa hóa truy vấn SQL\n                Kiến thức tốt về lập trình hướng đối tượng.\n                Có kiến thức về lập trình web: HTML, CSS, Javascript, JQuery, ...\n                Có kinh nghiệm làm việc với một trong các Framework: Laravel, CakePHP là lợi thế\n                Kỹ năng làm việc nhóm và trao đổi thông tin tốt\n                Chăm chỉ, có tinh thần học hỏi, chủ động trong công việc\n                Đam mê lập trình, tư duy logic, sẵn sàng tìm hiểu và học hỏi cái mới\n                Nhiệt tình và có trách nhiệm trong công việc\n                Yêu cầu làm được fulltime từ giờ đến khi tốt nghiệp Đại học\n                Có tiếng anh giao tiếp trong công việc là lợi thế','Có hỗ trợ lương hàng tháng từ 3,000,000 – 5,000,000 tùy theo năng lực. Lộ trình thực tập từ 2-3 tháng lên fresher 9,000,000 - 11,000,000 tùy theo năng lực\n                Có cơ hội trở thành nhân viên chính thức tại Adamo với mức lương hấp dẫn\n                Lương T13, T14 và review lương 2 lần 1 năm khi lên chính thức\n                Thưởng các dịp lễ Tết, thưởng quý, thưởng thâm niên, thưởng lợi nhuận.\n                Quà tặng dịp sinh nhật cá nhân\n                Cơ hội được học hỏi, làm việc với công nghệ mới\n                Được làm việc trong một môi trường chuyên nghiệp với các đối tác nước ngoài\n                Du lịch, teambuilding 2-3 lần/năm\n                Hỗ trợ tham gia các khóa đào tạo nâng cao kiến thức và kỹ năng','2024-08-15',3,20.997785,105.793742,1,'2024-07-02 13:44:42','2024-07-02 13:44:42'),(17,16,1,2,'ReactJS Developer','Hà Nội: 56 Tố Hữu, Nam Từ Liêm',1,12,25,NULL,NULL,'Xây dựng và phát triển các dự án ReactJS theo yêu cầu khách hàng\n                Tham gia các công đoạn tìm hiểu yêu cầu, phân tích, thiết kế, nghiên cứu công nghệ khi được phân công\n                Tham gia quản lý nhóm nếu có khả năng phù hợp\n                Chi tiết sẽ trao đổi cụ thể khi phỏng vấn','Có từ 6 tháng kinh nghiệm lập trình ReactJS\n                Hiểu về lập trình OOP\n                Thành thạo về: HTML, CSS, JS\n                Biết về UML(Activity diagram, Class diagram, Sequence diagram,...)\n                Có kinh nghiệm làm việc với RESTful API hoặc GraphQL\n                Có kinh nghiệm làm việc với Git, SVN\n                Có khả năng giao tiếp tiếng Anh khá','Mức lương hấp dẫn: 12,000,000 – 25,000,000 đ/tháng.\n                Thử việc 90% lương.\n                Thời gian làm việc: Thứ 2 – thứ 6.\n                Tháng lương thứ 13, 14\n                Review lương 2 lần 1 năm\n                Thưởng các dịp lễ Tết, thưởng quý, thưởng thâm niên, thưởng lợi nhuận.\n                Quà tặng dịp sinh nhật cá nhân\n                Cơ hội được học hỏi, làm việc với công nghệ mới\n                Được làm việc trong một môi trường chuyên nghiệp với các đối tác nước ngoài\n                Du lịch, teambuilding 2-3 lần/năm\n                Khám sức khỏe định kỳ cho nhân viên\n                Hỗ trợ tham gia các khóa đào tạo nâng cao kiến thức và kỹ năng','2024-08-15',3,20.997785,105.793742,1,'2024-07-06 13:44:42','2024-07-06 13:44:42'),(18,16,1,2,'Sales IT','Hà Nội: 56 Tố Hữu, Nam Từ Liêm',4,10,20,NULL,NULL,'Conduct market research to identify target customer segments.\n                Generate new leads by identifying and connecting with prospective customers.\n                Conduct online or onsite product demos for prospective customers.\n                Exceed monthly and quarterly sales targets.\n                Work with support teams to assist with customer onboarding.\n                Identify and manage channel partners and referrals to accelerate sales.\n                Engage with existing customers for contract renewals.\n                Regular update of CRM system','At least 6 months experience in Sale\n                Education: Bachelor’s degree\n                Excellent fluency in English communication\n                Self-independence in terms of prioritizing, time management and organizational skills\n                Are willing to learn quickly and flexible in adapting to feedback\n                Impeccable attention to detail and high internal standard of work','13th month salary bonus\n                Review work performance and raise salaries 2 times a year\n                Training opportunities, overseas and domestic business trip\n                Company trip, teambuilding activities (2 times a year)\n                Social and Health insurance under Vietnamese Labor Law, annual health check\n                Young & dynamic working environment','2024-08-15',1,20.997785,105.793742,1,'2024-07-06 13:44:42','2024-07-06 13:44:42'),(19,17,1,1,'Thực Tập Sinh Back-End PHP','Hà Nội: Chung cư Học Viện Quốc Phòng, P Xuân La, Q Tây Hồ, Tây Hồ',2,3,7,0,NULL,'Tham gia các dự án website trường học, y tế, hành chính công, nhà nước... bằng ngôn ngữ PHP\n                Được hướng dẫn cơ bản và chuyên sâu về Back-end trong thời gian đầu, cần thể hiện khả năng làm việc độc lập\n                Làm quen với quy trình triển khai dự án, các công cụ quản lý dự án chuyên nghiệp\n                Cơ hội tham gia các dự án Viettel và nhà nước theo hình thức on-job training.\n                Nhận sự hỗ trợ từ các Senior Developer dày dặn kinh nghiệm trong suốt quá trình training dưới dạng hình thức bài tập thực tế.\n                Tư vấn, định hướng công việc phù hợp với chuyên môn và sở thích.','Tốt nghiệp chuyên ngành Công nghệ thông tin của các trường cao đẳng, đại học có khả năng làm fulltime\n                Có trách nhiệm với công việc được giao.                \n                Biết làm việc cá nhân và đội nhóm.                \n                Có kiến thức về PHP, JavaScript, HTML5, CSS3, Jquery                \n                Yêu cầu ứng viên trình bày rõ các sản phẩm / bài tập lớn đã từng làm','Có cơ hội học hỏi, trở thành nhân viên chính thức của công ty sau 1 – 2 tháng đào tạo với nhiều chế độ đãi ngộ hấp dẫn\n                Học hỏi kinh nghiệm thực tế, cơ hội cọ sát cao, cầm tay chỉ việc\n                Free toàn bộ dịch vụ văn phòng, đồ ăn vặt\n                Hỗ trợ toàn bộ thủ tục giấy tờ, con dấu xác nhận thực tập của sinh viên\n                Được tham gia, trải nghiệm các hoạt đông vui chơi tại công ty: Café , trà , bi lắc...','2024-08-15',3,21.0500198,105.7973772,1,'2024-07-04 13:44:42','2024-07-04 13:44:42'),(20,17,1,1,'Thực Tập Sinh Ba','Hà Nội: Xuân La, Tây Hồ',5,4,7,NULL,NULL,'- Phân tích thiết kế sản phẩm mới\n                - Cải tiến sản phẩm đã có\n                - Hỗ trợ thủ tục bàn giao, nghiệm thu, thanh toán','Có kiến thức về UML, biết vẽ sơ đồ usecase, sơ đồ hoạt động\n                Biết cách vẽ mockup (vẽ ra giấy hoặc bằng công cụ gì cũng được)\n                Có kiến thức cơ bản về thiết kế CSDL\n                Biết cách sử dụng 1 số phần mềm quản lý bất kỳ\n                Hiểu về các quy tắc UI - UX cơ bản (sẽ được training thêm)\n                Có khái niệm về thiết kế sản phẩm cho App, Web\n                Có khả năng giao tiếp tốt với đối tác\n                Có kinh nghiệm làm việc nhóm','Thu nhập theo thỏa thuận (4- 7 triệu); 3 tháng xét tăng lương 1 lần.\n                Sau 2 tháng thử việc sẽ có đánh giá kết quả của leader và được xem xét nâng lương, ký hợp đồng lao động chính thức, đóng bảo hiểm.\n                Một năm được nghỉ 12 ngày phép\n                Môi trường làm việc năng động, sáng tạo với đội ngũ CBNV đầy nhiệt huyết. Chế độ du lịch hàng năm và tham gia các hoạt động teambuilding, sự kiện công ty, tiệc mặn ngọt,....\n                Thời gian làm việc: T2-T7 (T7 nghỉ cách tuần). Buổi sáng: 8h-12h, buổi chiều: 13h30-17h30','2024-08-15',3,21.0500198,105.7973772,1,'2024-07-02 13:44:42','2024-07-02 13:44:42'),(21,17,1,2,'Lập Trình Viên Back-End PHP','Hà Nội: Xuân La, Tây Hồ',2,7,15,1,NULL,'Lập trình web (backend) bằng PHP, trên framework do công ty tự phát triển hơn 13 năm, gồm các nhóm ứng dụng chính: Website doanh nghiệp, trường học, Portal bộ ban ngành, LMS, HRM, TMĐT.\n                Quản lý source code bằng SVN.\n                Quản lý công việc bằng công cụ quản trị dự án nội bộ.\n                Làm việc với bộ phận kiểm thử và phát triển sản phẩm để tối ưu, sửa lỗi, phát triển chức năng mới.\n                Code theo các tiêu chuẩn ATTT, hiệu năng của tập đoàn Viettel.','Tốt nghiệp chuyên ngành Công nghệ thông tin, Khoa học máy tính, Toán tin… hoặc chuyên ngành khác có liên quan\n                Có kiến thức cơ bản về lập trình WEB (PHP / HTML / CSS / JAVASCRIPT).\n                Hiểu biết về MVC Framework\n                Có kiến thức về các hệ quản trị cơ sở dữ liệu, nhất là NoSQL (MongoDB), Solr, nếu chưa biết sẽ được đào tạo.\n                Khả năng tư duy logic tốt\n                Tinh thần học hỏi và nâng cao trình độ bản thân, tinh thần trách nhiệm trong công việc\n                Đảm bảo nghiêm túc giờ giấc theo giờ hành chính.','- Thu nhập: 7-15M tùy năng lực + thưởng theo hiệu quả công việc\n                - Thời gian làm việc: thứ 2 đến thứ 7 (Thứ 7 tuần làm tuần nghỉ)\n                Buổi sáng: 8h-12h, buổi chiều: 13h30-17h30. Nghỉ trưa 1h30 phút\n                - Nghỉ phép 12 ngày/ năm. Lương tháng 13. Từ 2-6 tháng review lương/lần\n                - Được tham gia BHYT, BHXH và các chế độ khác theo quy định của Công ty.\n                - Du lịch hàng năm với Công ty, tham gia các hoạt động văn hóa chung của Công ty (Ngày lễ, sinh nhật hàng tháng, tiệc mặn ngọt,...)\n                - Làm việc trong môi trường chuyên nghiệp, năng động, sáng tạo, có nhiều cơ hội phát triển bản thân, thăng tiến trong công việc','2024-08-15',3,21.0500198,105.7973772,1,'2024-07-06 13:44:42','2024-07-06 13:44:42'),(22,18,1,2,'Lập Trình Viên PHP','Hồ Chí Minh: Building 59 Chế Lan Viên, P . Tây Thạnh, Quận Tân Phú, Tp.HCM, Tân Phú',3,NULL,NULL,1,NULL,'Xây dựng, bảo trì, nâng cấp các website trong hệ thống của công ty bằng ngôn ngữ PHP & cở sở dữ liệu Mysql, MongoDB.\n                Lập trình và phát triển ứng dụng web, web service, restful api trên nền tảng PHP.\n                Tham gia phân tích và phát triển hệ thống trên nền ứng dụng web; phần mềm\n                Phát triển hoặc làm mới các ứng dụng web với ngôn ngữ chính là PHP, MySQL, MongoDB','Thành thạo PHP;\n                Thành thạo MySQL;\n                Thành thạo Laravel 9 trở lên;\n                Có kinh nghiệm phát triển các sản phẩm có sử dụng Laravel 01 năm trở lên;\n                Thành thạo các kiến thức/kỹ thuật trong Laravel: command, cache, localization, migrations, seeding;\n                Hiểu biết các kiến thức/kỹ thuật trong Laravel: broadcasting, events, notifications, queues, task scheduling;\n                Hiểu biết về API RESTful, GraphQL;\n                Có kinh nghiệm phát triển các sản phẩm có sử dụng API RESTfull ít nhất 1 năm;\n                Biết sử dụng Git và Git flow;\n                Có kinh nghiệm sử dụng Redis;\n                Có kinh nghiệm sử dụng các công cụ quản lý dự án, tài liệu: Jira, Confluence.\n                Linh hoạt trong công việc và xử lý tình huống;\n                Ưu tiên ứng viên có định hướng phát triển theo hướng Fullstack.','- Mức lương phù hợp năng lực\n                - Tham gia BHXH, BHYT và chế độ phúc lợi khác theo quy định của luật lao động và quy chế Công ty.                \n                - Môi trường TRẺ chuyên nghiệp, năng động, sáng tạo, phát triển, có nhiều cơ hội thăng tiến                \n                - Được đào tạo nâng cao năng lực, thoải mái đề xuất ý tưởng để nâng cao hiệu suất làm việc.                \n                - Được hưởng đầy đủ các chính sách về lao động theo luật lao động về Lương, thưởng, nghỉ Lễ, Tết                \n                - Du Lịch                \n                - Đồng phục                \n                - Tăng lương','2024-08-15',3,10.811372,106.628735,1,'2024-07-06 13:44:42','2024-07-06 13:44:42'),(23,18,1,2,'Nhân Viên Kinh Doanh Phần Mềm','Hồ Chí Minh: Building 59 Chế Lan Viên, P . Tây Thạnh, Tân Phú',5,15,20,0,NULL,'- Tìm kiếm khách hàng\n                - Chăm sóc và duy trì khách hàng cũ, giải đáp những thắc mắc của khách hàng qua email, điện thoại,...                \n                - Tư vấn, giải đáp cho khách hàng về các lĩnh vực, dịch vụ do công ty đang cung cấp: App, thiết kế website, phần mềm, quảng cáo google, dịch vụ seo, hosting, tên miền,...                \n                - Thương thảo, đàm phán trực tiếp và ký hợp đồng với khách hàng, chăm sóc khách hàng sau bán hàng.                \n                - Sẽ được tham gia các buổi tập huấn khi nhận việc                \n                - Sẽ trao đổi cụ thể hơn trong quá trình phỏng vấn.','- Giao tiếp tốt\n                - Giọng chuẩn dể nghe, không sử dụng tiếng địa phương.                \n                - Trình độ: Cao đẳng, chuyên ngành: ưu tiên Kinh tế, Marketing, CNTT                \n                - Thành thạo Word, Excel, Internet                \n                - Lập kế hoạch hàng tuần, tháng, quý.                \n                - Có tính sáng tạo trong công việc, có những ý tưởng mới về loại hình kinh doanh, quản lý.                \n                - Hiểu rõ các chỉ thị liên quan đến công việc và các kế hoạch làm việc của nhóm hoặc bộ phận                \n                - Có thể nắm bắt, cập nhật thông tin liên quan đến công việc nhanh và hiệu quả                \n                - Khả năng giải quyết công việc nhanh chóng chính xác hoặc trong thời hạn được quy định.','- Thu nhập hấp dẫn dựa trên năng lực: Bao gồm (Lương cứng + phụ cấp + % hoa hồng + thưởng). => Tổng thu nhập từ 15 -20 triệu/ tháng\n                - Môi trường làm việc toàn 9x năng động, trẻ trung, khuyến khích sáng tạo, đổi mới và tạo không gian phát triển cho mỗi cá nhân.                \n                - 6 tháng/lần xét tăng lương, hoăc ̣tạo cơ hội phát triển lên vị trí quản lý.                \n                - Các chế độ BHXH, BHYT, nghỉ lễ, nghỉ phép, thưởng lễ tết, ...theo quy định của Công ty                \n                - Hoạt động teambuilding, du lịch hàng năm và các chương trình văn hóa của Công ty như: Year End Party, Du lịch, ..., Lương tháng 13, ...','2024-08-15',1,10.811372,106.628735,1,'2024-07-02 13:44:42','2024-07-02 13:44:42'),(24,19,1,2,'PHP Developer','Hồ Chí Minh: 245B Trần Quang Khải, Phường Tân Định, Quận 1',1,12,15,4,NULL,'Quản trị vận hành các website thương mại của công ty:\n                Bảo trì: Kiểm tra các lỗi kỹ thuật, cập nhật các phần mềm và bảo mật để đảm bảo trang web luôn hoạt động ổn định, an toàn và nhanh chóng.\n                Phân tích dữ liệu: Sử dụng các công cụ phân tích để giám sát và phân tích các hoạt động trên trang web. Phân tích các số liệu như lưu lượng truy cập, thời gian ở lại trên trang web, số lần nhấp chuột và các chỉ số khác để đo lường hiệu quả của trang web và đưa ra các cải tiến.\n                Tối ưu hóa công cụ tìm kiếm: Thực hiện các chiến dịch tối ưu hóa công cụ tìm kiếm (SEO) để tăng cường khả năng tìm thấy trang web trên các công cụ tìm kiếm.\n                Phát triển: Phát triển các tính năng mới và cải thiện các chức năng của trang web.\n                Quản lý lưu trữ/sao lưu: Theo dõi tình trạng của máy chủ, bộ nhớ đệm, tài khoản lưu trữ và các vấn đề liên quan đến việc lưu trữ/backup trang web.\n                Quản lý đối tác/khách hàng: Hợp tác với các nhà cung cấp dịch vụ, đối tác quảng cáo và các bên liên quan khác để đảm bảo trang web luôn hoạt động tốt và đáp ứng được nhu cầu của người dùng.\n                Phối hợp với các phòng bạn/bộ phận khác trong công ty để thực hiện các mục tiêu kinh doanh liên quan đến các trang web của công ty.','Nắm vững kiến thức: Ngôn ngữ lập trình web: NextJS, ReactJS, Laravel, PHP, Redis. Các hệ quản trị cơ sở dữ liệu (Database): MySQL, Xampp, Apache. Kiến thức về hệ thống máy chủ (Server): cài đặt, cấu hình và bảo mật, Deploy website thương mại Kiến thức về SEO (Search Engine Optimization) và quảng cáo trên mạng (Online Advertising) Kiến thức về các công cụ phân tích web (Web Analytics): Google Analytics, Piwik, ... Kiến thức về các tiêu chuẩn web: W3C, Accessibility, ... Kiến thức về an ninh và bảo mật web: cách bảo vệ khỏi các tấn công web, mã độc, ... Kiến thức về các nền tảng và công nghệ liên quan đến web: Web Services, APIs, ... Có kiến thức về các cổng thanh toán online, merchant... Kiến thức về quản lý dự án và quản lý tài nguyên, kỹ năng giao tiếp và tương tác với đội ngũ phát triển web khác. Ứng viên có kinh nghiệm từ 4-5 năm trở lên.','Chương trình hội nhập, đào tạo và phát triển\n                Cơm trưa, đồng phục, điện thoại...\n                Phòng tập GYM miễn phí\n                Du lịch hàng năm\n                BHXH, BHYT, BHTN, BH 24/24, Bảo hiểm cao cấp\n                Lương thưởng tháng 13\n                Thưởng thâm niên 3 năm, 5 năm, 10 năm.\n                Thưởng đóng góp sáng kiến, ý tưởng mới trong công việc\n                Chính sách phúc lợi cưới hỏi, ốm đau, thai sản\n                Quà trong các dịp Tết, Trung thu, sinh nhật','2024-08-15',3,10.791298,106.688542,1,'2024-07-04 13:44:42','2024-07-04 13:44:42'),(25,19,1,3,'Lead PHP Developer','Hồ Chí Minh: 245B Trần Quang Khải, Phường Tân Định, Quận 1',1,15,20,4,0,'Quản trị vận hành các website thương mại của công ty:\n                Bảo trì: Kiểm tra các lỗi kỹ thuật, cập nhật các phần mềm và bảo mật để đảm bảo trang web luôn hoạt động ổn định, an toàn và nhanh chóng.\n                Phân tích dữ liệu: Sử dụng các công cụ phân tích để giám sát và phân tích các hoạt động trên trang web. Phân tích các số liệu như lưu lượng truy cập, thời gian ở lại trên trang web, số lần nhấp chuột và các chỉ số khác để đo lường hiệu quả của trang web và đưa ra các cải tiến.\n                Tối ưu hóa công cụ tìm kiếm: Thực hiện các chiến dịch tối ưu hóa công cụ tìm kiếm (SEO) để tăng cường khả năng tìm thấy trang web trên các công cụ tìm kiếm.\n                Phát triển: Phát triển các tính năng mới và cải thiện các chức năng của trang web.\n                Quản lý lưu trữ/sao lưu: Theo dõi tình trạng của máy chủ, bộ nhớ đệm, tài khoản lưu trữ và các vấn đề liên quan đến việc lưu trữ/backup trang web.\n                Quản lý đối tác/khách hàng: Hợp tác với các nhà cung cấp dịch vụ, đối tác quảng cáo và các bên liên quan khác để đảm bảo trang web luôn hoạt động tốt và đáp ứng được nhu cầu của người dùng.\n                Phối hợp với các phòng bạn/bộ phận khác trong công ty để thực hiện các mục tiêu kinh doanh liên quan đến các trang web của công ty.\n                Quản lý nhân viên                \n                Hỗ trợ giải quyết thắc mắc của Nhân viên\n                QC web nhân viên đã làm\n                Giải quyết xung đột đội nhóm\n                Chịu trách nhiệm deadline, báo cáo ...','Kinh nghiệm trên 3 năm làm PHP, Laravel và trên 1 năm quản lý nhóm\n                Kỹ năng lập trình tốt với : NextJS, ReactJS, Laravel, PHP, Redis...\n                Thành thạo với MySQL, Xampp, Apache, Server, SEO, Online Advertising, Google Analytics, Piwik, W3C, Accessibility, Web Services, APIs, bảo mật và thanh toán online.\n                Kỹ năng giao tiếp tốt, quản lý tốt','Chương trình hội nhập, đào tạo và phát triển\n                Cơm trưa, đồng phục, điện thoại...\n                Phòng tập GYM miễn phí\n                Du lịch hàng năm\n                BHXH, BHYT, BHTN, BH 24/24, Bảo hiểm cao cấp\n                Lương thưởng tháng 13\n                Thưởng thâm niên 3 năm, 5 năm, 10 năm.\n                Thưởng đóng góp sáng kiến, ý tưởng mới trong công việc\n                Chính sách phúc lợi cưới hỏi, ốm đau, thai sản\n                Quà trong các dịp Tết, Trung thu, sinh nhật','2024-08-15',3,10.791298,106.688542,1,'2024-07-06 13:44:42','2024-07-06 13:44:42'),(26,19,1,2,'Nhân Viên Kinh Doanh Dự Án Công Nghệ Thông Tin','Hồ Chí Minh: 245B Trần Quang Khải, Phường Tân Định, Quận 1',2,7,8,1,NULL,'Phát triển nhóm khách hàng Doanh nghiệp/Dự án để triển khai các dự án CNTT (Server, workstation, PC, laptop, máy in, linh kiện...)\n                Duy trì, quản lý khách hàng theo từng mảng thị trường được phân công\n                Tìm kiếm, phát triển khách hàng mới theo định hướng của Công ty\n                Tư vấn các giải pháp công nghệ và sản phẩm CNTT đáp ứng nhu cầu khách hàng và các dự án CNTT\n                Tạo lập mối quan hệ với các đối tác và chăm sóc khách hàng\n                Báo cáo kết quả Kinh doanh','Nam/Nữ tuổi từ 22 - 35 .\n                Tối thiểu 02 năm kinh nghiệm kinh doanh, có kiến thức về CNTT\n                Ưu tiên có kinh nghiệm kinh doanh thiết bị hoặc dịch vụ CNTT, quản lý khối khách hàng Dự án hoặc SMB\n                Có kỹ năng bán hàng, chăm sóc khách hàng, đàm phán\n                Khả năng giao tiếp, thuyết trình, làm việc nhóm tốt, có đam mê kinh doanh','Đồng phục, điện thoại, công cụ dụng cụ làm việc...\n                Được đào tạo kỹ năng mềm, kiến thức chuyên môn\n                Lương tháng 13, 12 ngày phép...\n                Thưởng đóng góp sáng kiến, ý tưởng mới trong công việc\n                Thưởng thâm niên 3 năm, 5 năm, 10 năm.\n                Chính sách phúc lợi cưới hỏi, ốm đau, thai sản\n                Quà trong các dịp Tết, Trung thu, sinh nhật\n                Cơm canh trưa, mì gói, trứng, chà bông...\n                BHXH, BHYT, BHTN, BH 24/24, Bảo hiểm cao cấp\n                Tiêm ngừa Cúm.....\n                Khám sức khỏe định kỳ\n                Phòng tập GYM miễn phí\n                Du lịch hàng năm trong/ngoài nước','2024-08-15',3,10.791298,106.688542,1,'2024-07-06 13:44:42','2024-07-06 13:44:42'),(27,20,1,2,'PHP Developer','Hồ Chí Minh: 176/1 Nguyễn Văn Thương, phường 25, Bình Thạnh',1,NULL,NULL,2,NULL,'Participate in the development and construction of the company\'s product based on PHP, NodeJS, AWS services, Linux servers.\n                Job details will be discussed further during the interview\n                Other related jobs','At least 2 years of experience.\n                Good programming skills with: PHP, OOP, PostgreSQL, REST API\n                Experience with NodeJS is advanced\n                Have a sense of responsibility, ability to work in a team\n                Have a spirit of learning and self-improvement.','Working in a dynamic and professional environment with many opportunities for advancement.\n                Provide complete equipment to serve the job.\n                Company pays all social insurance, health insurance, unemployment insurance.\n                Enjoy the welfare policies according to the company\'s regulations (Annual salary review, 13th month salary, KPI bonus, 12 days of leave, birthday celebration, lunch allowance, car parking,...)\n                Regular training and professional improvement.\n                Participate in cultural activities with typical colors of the company: Team building, and a series of interesting and attractive collective activities taking place monthly and quarterly at the company.\n                Competitive salary.','2024-08-15',3,10.803909,106.720066,1,'2024-07-02 13:44:42','2024-07-02 13:44:42'),(28,20,1,2,'Reactjs Developer','Hồ Chí Minh: 176/1 Nguyễn Văn Thương, phường 25, quận Bình Thạnh, Bình Thạnh',2,NULL,NULL,2,NULL,'Participating in the development and construction of the Front-end for the company\'s products on the SaaS platform.\n                Other related jobs\n                Job details will be discussed further during the interview','2+ years of experience with ReactJS.\n                Experience with Redux, Redux Saga, Fetch/ Axios, Webpack is an advantage\n                Be responsible with your work\n                Ability to support and allocate work to other team members\n                Have a spirit of learning and self-improvement\n                Ability to work in a team or independently','Working in a dynamic and professional environment with many opportunities for advancement.\n                Provide complete equipment to serve the job.\n                Company pays all social insurance, health insurance, unemployment insurance.\n                Enjoy the welfare policies according to the company\'s regulations (Annual salary review, 13th month salary, KPI bonus, 12 days of leave, birthday celebration, lunch allowance, car parking,...)\n                Regular training and professional improvement.\n                Participate in cultural activities with typical colors of the company: Team building, and a series of interesting and attractive collective activities taking place monthly and quarterly at the company.\n                Competitive salary.','2024-08-15',3,10.803909,106.720066,1,'2024-07-02 13:44:42','2024-07-02 13:44:42'),(29,20,1,2,'Html/Css Developer','Hồ Chí Minh: 176/1 Nguyễn Văn Thương, phường 25, Bình Thạnh',2,NULL,NULL,2,NULL,'Slice HTML/CSS from PSD, Figma with CSS framework\n                Responsive and optimize display on browsers, platforms, devices\n                Support ReactJS team','At least 2 years of experience with HTML,CSS\n                Experience with SaaS, Flex,.. is advance.\n                Ability to support and allocate work to other team members\n                Have a spirit of learning and self-improvement\n                Ability to work in a team or independently\n                Be responsible with your work','Working in a dynamic and professional environment with many opportunities for advancement.\n                Provide complete equipment to serve the job.\n                The company pays all social insurance, health insurance, and unemployment insurance.\n                Enjoy the welfare policies according to the company\'s regulations (Annual salary review, 13th-month salary, KPI bonus, 12 days of leave, birthday celebration, lunch allowance, car parking,...)\n                Regular training and professional improvement.\n                Participate in cultural activities with typical colors of the company: Team building, and a series of interesting and attractive collective activities taking place monthly and quarterly at the company.\n                Competitive salary.','2024-08-15',3,10.803909,106.720066,1,'2024-07-06 13:44:42','2024-07-06 13:44:42'),(30,21,1,2,'Developer ( PHP )','Hồ Chí Minh: An Phú Plaza, 117-119 Lý Chính Thắng, Phường Võ Thị Sáu, Quận 3, Quận 3',1,NULL,NULL,1,NULL,'Lập trình và phát triển ứng dụng web, web service theo yêu cầu.\n                Xây dựng, phát triển, bảo trì và nâng cấp các dự án phần mềm của công ty và khách hàng.\n                Tìm hiểu, phát triển và ứng dụng công nghệ mới vào sản phẩm.\n                Thực hiện các công việc liên quan khác theo yêu cầu của công ty.','- Tốt nghiệp các ngành Khoa học máy tính, phần mềm tại các trường Cao Đẳng, Đại Học.\n                - Kinh nghiệm làm việc:\n                . Fresher: đã nắm vững và biết vận dụng kiến thức phát triển ứng dụng web sử dụng PHP, Laravel, MySQL.\n                . Junior: ít nhất 6 tháng kinh nghiệm với vị trí tương đương.\n                . Middle: ít nhất 2 năm kinh nghiệm với vị trí tương đương.\n                . Senior: có ít nhất 4 năm kinh nghiệm với vị trí tương đương, ưu tiên ứng viên có kinh nghiệm training hoặc quản lý team dự án.\n                - Đối với các level: yêu cầu có kinh nghiệm phát triển ứng dụng web, lập trình web bằng ngôn ngữ PHP mảng back end hoặc yêu thích phát triển web với PHP:\n                . PHP, MySQL\n                . PHP Framework: Chúng tôi làm nhiều Framework khác nhau (tùy vào yêu cầu của khách hàng: CodeIgniter, CakePHP, Zend, ...)\n                . JavaScript và JS Frameworks (JQuery, Angular JS, Vue.js...)\n                . DB (MySQL và thiết kế Database)','- Thưởng: 2 lần/năm.\n                - Du lịch công ty & Khám sức khỏe: 1 năm/ 1 lần.\n                - Review lương: tối thiếu 1 lần/năm.                \n                - Bữa ăn chào mừng nhân viên mới.                \n                - Ngoài các gói bảo hiểm cơ bản theo quy định của Luật Lao Động, bạn còn được tham gia gói bảo hiểm tai nạn lao động tại Lampart.                \n                - Trợ cấp thăm bệnh.                \n                - Trà, sữa, coffee, ... miễn phí.                \n                - Tăng ca đêm: ngoài tiền tăng ca ban đêm, còn được nghỉ bù có lương vào ngày hôm trước và ngày hôm sau.                \n                - Ngày nghỉ đặc biệt dành cho nhân viên nữ: 0.5 ngày/ tháng.                \n                - Trợ cấp đối với nhân viên chờ chỉ thị làm việc tại nhà trong các dịp Lễ, Tết.                \n                - Được hưởng những phúc lợi đặc biệt như chương trình quà tết, bánh trung thu, tiền mừng đám cưới (5,000,000 VND), tiền mừng khi sanh con (2,000,000 VND), ...','2024-08-15',3,10.78734,106.68515,1,'2024-07-06 13:44:42','2024-07-06 13:44:42'),(31,21,1,1,'Thực Tập Sinh PHP','Hồ Chí Minh: An Phú Plaza, 117-119 Lý Chính Thắng, Phường Võ Thị Sáu, Quận 3, Quận 3',1,NULL,NULL,NULL,NULL,'- Được đào tạo phát triển hệ thống web thực tế, phát triển phần mềm bằng ngôn ngữ PHP với các kỹ thuật mới nhất.\n                - Nắm bắt nghiệp vụ đã phân tích để phát triển hệ thống trên nền web cùng với các kỹ sư tại Việt Nam và tại Nhật Bản.                \n                - Thực hiện các công việc khác có liên quan theo yêu cầu của công ty.','- Sinh viên năm cuối ở các ngành Khoa học máy tính, phần mềm tại các trường Cao Đẳng, Đại Học.\n                - Có thể tham gia thực tập tại công ty từ 6 – 10 buổi / tuần ( tương đương 3 – 5 ngày/ tuần).                \n                - Có hiểu biết hoặc đã tìm hiểu về lập trình website và ngôn ngữ PHP mảng back end hoặc yêu thích phát triển web với PHP:                \n                + PHP, MySQL.                \n                + PHP Framework: Chúng tôi làm nhiều Framework khác nhau. (tùy vào yêu cầu của khách hàng: CodeIgniter, CakePHP, Zend, ...)                \n                + JavaScript và JS Frameworks. (jQuery, Angular JS, Vue.js...)                \n                + DB. (MySQL và thiết kế Database)                \n                - Giao tiếp tốt, chủ động trong công việc.                \n                - Có đam mê phát triển phần mềm.                \n                - Có kỹ năng làm việc theo nhóm, hòa đồng.                \n                - Có tư duy logic, sáng tạo.','- Thưởng: 2 lần/năm.\n                - Du lịch công ty & Khám sức khỏe: 1 năm/ 1 lần.\n                - Review lương: tối thiếu 1 lần/năm.                \n                - Bữa ăn chào mừng nhân viên mới.                \n                - Ngoài các gói bảo hiểm cơ bản theo quy định của Luật Lao Động, bạn còn được tham gia gói bảo hiểm tai nạn lao động tại Lampart.                \n                - Trợ cấp thăm bệnh.                \n                - Trà, sữa, coffee, ... miễn phí.                \n                - Tăng ca đêm: ngoài tiền tăng ca ban đêm, còn được nghỉ bù có lương vào ngày hôm trước và ngày hôm sau.                \n                - Ngày nghỉ đặc biệt dành cho nhân viên nữ: 0.5 ngày/ tháng.                \n                - Trợ cấp đối với nhân viên chờ chỉ thị làm việc tại nhà trong các dịp Lễ, Tết.                \n                - Được hưởng những phúc lợi đặc biệt như chương trình quà tết, bánh trung thu, tiền mừng đám cưới (5,000,000 VND), tiền mừng khi sanh con (2,000,000 VND), ...','2024-08-15',3,10.78734,106.68515,1,'2024-07-04 13:44:42','2024-07-04 13:44:42'),(32,21,1,2,'IT Comtor (Tiếng Nhật N1, N2)','Hồ Chí Minh: An Phú Plaza, 117-119 Lý Chính Thắng, Phường Võ Thị Sáu, Quận 3',1,NULL,NULL,2,NULL,'- Phiên dịch trong cuộc họp, meeting, video conference mà chủ yếu liên quan đến dự án về phát triển phần mềm.\n                - Dịch các cuộc trao đổi qua chat giữa người Nhật và các kỹ sư người Việt.                \n                - Biên phiên dịch tài liệu dự án, tài liệu QA, báo cáo, tài liệu kỹ thuật (Việt -Nhật, Nhật - Việt).                \n                - Các công việc khác liên quan.','- Tiếng Nhật N1, N2\n                - Có kiến thức về IT (phát triển phần mềm, có thêm kiến thức về Hệ thống nghiệp vụ)                \n                - Có trên 2 năm kinh nghiệm với vị trí tương đương                \n                - Có năng lực giao tiếp                \n                - Có kỹ năng giải quyết vấn đề                \n                - Có kỹ năng làm việc nhóm tốt','- Thưởng: 2 lần/năm.\n                - Du lịch công ty & Khám sức khỏe: 1 năm/ 1 lần.\n                - Review lương: tối thiếu 1 lần/năm.                \n                - Bữa ăn chào mừng nhân viên mới.                \n                - Ngoài các gói bảo hiểm cơ bản theo quy định của Luật Lao Động, bạn còn được tham gia gói bảo hiểm tai nạn lao động tại Lampart.                \n                - Trợ cấp thăm bệnh.                \n                - Trà, sữa, coffee, ... miễn phí.                \n                - Tăng ca đêm: ngoài tiền tăng ca ban đêm, còn được nghỉ bù có lương vào ngày hôm trước và ngày hôm sau.                \n                - Ngày nghỉ đặc biệt dành cho nhân viên nữ: 0.5 ngày/ tháng.                \n                - Trợ cấp đối với nhân viên chờ chỉ thị làm việc tại nhà trong các dịp Lễ, Tết.                \n                - Được hưởng những phúc lợi đặc biệt như chương trình quà tết, bánh trung thu, tiền mừng đám cưới (5,000,000 VND), tiền mừng khi sanh con (2,000,000 VND), ...','2024-08-15',3,10.78734,106.68515,1,'2024-07-02 13:44:42','2024-07-02 13:44:42'),(33,22,1,2,'PHP Developer','Hồ Chí Minh: 265 Hồng Lạc, Phường 10, Tân Bình',2,10,15,1,NULL,'Phát triển và tích hợp các loại mô-đun bổ sung khác nhau và tùy chỉnh các mẫu trong WHMCS. \n                Tích hợp API (REST) vào các modules, xây dựng và phát triển các giao diện từ các bản thiết kế Figma.\n                Xây dựng phát triển chức năng tùy chỉnh theo yêu cầu.\n                Xây dựng và phát triển các modules, templates trong WHMCS.\n                Làm việc với các nhóm phát triển và quản lý sản phẩm để lên ý tưởng các giải pháp phần mềm.\n                Viết tài liệu kỹ thuật và báo cáo.\n                Theo kịp sự phát triển của các ứng dụng web và ngôn ngữ lập trình.','Kinh nghiệm tối thiểu 1 năm với PHP.\n                Từng làm việc hoặc tiếp xúc với các phần mềm WHMCS và Wordpress CMS, Odoo,...\n                Thành thạo về các CSS framework như Tailwind, Bootstrap.\n                Hiểu biết về Smarty template engine của PHP.\n                Bằng Cao đẳng hoặc Cử nhân về Khoa học Máy tính, Công nghệ Thông tin hoặc lĩnh vực liên quan.\n                Thành thạo PHP, AJAX, JavaScript, HTML, CSS, MySQL,...\n                Kinh nghiệm trong việc sử dụng Git, thiết kế hệ thống là một điểm cộng.\n                Kỹ năng giao tiếp tiếng Anh cơ bản.\n                Kỹ năng giao tiếp và làm việc nhóm xuất sắc.\n                Kỹ năng tổ chức.\n                Kỹ năng phân tích mạnh mẽ.\n                Khả năng tự học.','Lương cơ bản: 10 triệu đến 15 triệu.\n                Được hưởng các quyền lợi theo chính sách của công ty và quy định của nhà nước.\n                Review lương 2 lần/năm (tùy vào năng lực), lương tháng 13, cùng nhiều chế độ thưởng khác nhau.\n                Team building 2 lần/năm.\n                Có cơ hội tham gia các khóa đào tạo, phát triển, nâng cao năng lực làm việc.\n                Làm việc trong môi trường chuyên nghiệp, năng động, nhiều cơ hội phát triển năng lực bản thân, đãi ngộ dựa trên năng lực và sự nhiệt tình sáng tạo của từng thành viên.\n                Nghỉ 12 ngày phép năm và các ngày lễ tết, dịp đặc biệt của công ty.\n                Hỗ trợ ăn trưa, gửi xe.','2024-08-15',3,10.787655,106.645442,1,'2024-07-06 13:44:42','2024-07-06 13:44:42'),(34,22,1,4,'Sale Manager','Hồ Chí Minh: 265 Hồng Lạc, Phường 10, Tân Bình',1,18,22,2,NULL,'Phụ trách kinh doanh các sản phẩm của Công ty. \n                Tìm kiếm, đàm phán, thuyết phục KHDN sử dụng dịch vụ và sản phẩm của công ty.\n                Phân tích thị trường, kết nối đối tác nhằm mở rộng tệp khách hàng doanh nghiệp, phát triển các mối quan hệ với khách hàng.\n                Chịu trách nhiệm về kết quả của các kế hoạch kinh doanh theo đúng nội dung đã được ban lãnh đạo phê duyệt.\n                Tổ chức thu thập, phân tích, đánh giá thông tin thị trường và đưa ra đề xuất các phương án kinh doanh có hiệu quả, (về đối thủ, diễn biến thị trường, xu hướng tiêu dùng...) kèm theo đó là các giải pháp phù hợp để giải quyết các diễn biến đó.\n                Quản lý và thúc đẩy đội ngũ nhân viên kinh doanh đảm bảo thực hiện kế hoạch kinh doanh hiệu quả và đạt được chỉ tiêu.\n                Chịu trách nhiệm đảm bảo chỉ tiêu về doanh thu hằng quý và hằng năm.\n                Tổ chức,  thực hiện và theo dõi kế hoạch kinh doanh.\n                Chịu trách nhiệm cho sự phát triển của các dịch vụ hiện tại và tương lai cũng như phát triển kinh doanh cho sản phẩm phụ trách. \n                Phát triển mạng lưới các đối tác, cộng tác viên; thiết lập và xây dựng các mối quan hệ với các đối tác DN trong và ngoài nước để phục vụ mục đích kinh doanh.','Tốt nghiệp Đại học, Cao Đẳng chuyên ngành QTKD, Kinh tế, Marketing, CNTT.\n                Có kinh nghiệm tối thiểu 2 năm tại vị trí tương đương.\n                Ưu tiên hiểu biết về sản phẩm, thị trường doanh nghiệp hoặc có kinh nghiệm kinh doanh trong lĩnh vực CNTT.\n                Khả năng lãnh đạo, tổ chức và tạo động lực làm việc cho nhân viên. \n                Có kỹ năng phân tích, tổng hợp, lập kế hoạch tốt.\n                Có khả năng xây dựng và gìn giữ mối quan hệ làm việc mang tính hợp tác với khách hàng và đối tác.\n                Kỹ năng thuyết trình, đàm phán thương lượng tốt.\n                Truyền thông và giao tiếp tốt. \n                Tiếng Anh: Khá','Lương cơ bản từ 18-22 triệu.\n                Nhận thêm hoa hồng + thưởng KPI dựa trên doanh số.\n                Thưởng lương tháng 13 và các khoản thưởng khác dựa trên hiệu suất kinh doanh.\n                Nghỉ 12 ngày phép năm và các ngày lễ tết, dịp đặc biệt của công ty.\n                Hỗ trợ ăn trưa và gửi xe.\n                Tham gia đầy đủ các chế độ BHYT, BHXH và BHTN.\n                Tham gia các hoạt động Team building 2 lần/năm.\n                Tham gia các khóa đào tạo, phát triển, nâng cao năng lực làm việc.\n                Làm việc trong môi trường chuyên nghiệp, năng động, nhiều cơ hội phát triển năng lực bản thân, đãi ngộ dựa trên năng lực và hiệu quả công việc của từng thành viên.','2024-08-15',3,10.787655,106.645442,1,'2024-07-06 13:44:42','2024-07-06 13:44:42'),(35,23,1,2,'Front End Developer ( Javascript, ReactJS, VueJS )','Hà Nội: Tầng 15, Keangnam Landmark 72, Nam Từ Liêm',10,NULL,NULL,NULL,NULL,'Đảm bảo hiệu suất, chất lượng và khả năng đáp ứng tốt nhất có thể của các ứng dụng ở phía Front-end\n                Tham gia lập trình các ứng dụng web\n                Phối hợp cùng team dự án Việt Nam và Hàn Quốc để đảm bảo tiến độ\n                Trao đổi chi tiết khi phỏng vấn','Có ít nhất 1 năm kinh nghiệm (Ưu tiên kinh nghiệm cao)\n                Có kinh nghiệm phát triển ứng dụng web/mobile\n                Có thể phát triển HTML, CSS, Javascript, jQuery\n                Có thể phát triển dựa trên SPA (Vue.js, Vuex)\n                Có kinh nghiệm với các công cụ cộng tác như Git, Jira và Confluence\n                Hiểu và sử dụng CI/CD\n                Tốt nghiệp đại học trở lên\n                Giao tiếp Tiếng anh ở mức trung bình (TOEIC trên 550 và các chứng chỉ tương tự hoặc tự tin giao tiếp tiếng anh)\n                Ưu tiên: Hiểu về Back-End\n                Sử dụng được Typescript\n                Có kinh nghiệm UI/UX\n                Có kinh nghiệm với biểu đồ javascript ( Echarts, Chart.js...).','Lương, thưởng sẽ được thảo luận sau khi thông qua CV & Phỏng vấn\n                Review đánh giá năng lực hàng năm và điều chỉnh tăng lương theo hiệu quả công việc\n                Phụ cấp chứng chỉ ngoại ngữ tiếng hàn (TOPIK)\n                Chăm sóc sức khỏe: Khám sức khỏe định kỳ hàng năm, Bảo hiểm sức khỏe cao cấp\n                Điều kiện làm việc thoải mái và thời gian làm việc linh hoạt\n                Cơ hội phát triển nghề nghiệp tốt với các dự án thú vị và đầy thử thách;\n                Các khóa đào tạo tiếng Anh, tiếng Hàn, kỹ thuật, kỹ năng mềm;\n                Cơ hội học các khóa học đặc biệt của LG CNS, công nghệ mới và bảo mật\n                Quà tặng, thưởng vào các dịp lễ, tết (30/4-1/5, 2/9, tết v.v)\n                Các hoạt động ngoài trời với sự hỗ trợ của công ty: câu lạc bộ thể thao, team building, tiệc happy hour, sinh nhật, du lịch, sự kiện nhân viên và gia đình, v.v.\n                Thời gian làm việc: 8 tiếng từ T2 - T6 (8:00- 12:/ 13:00 - 17:00)','2024-08-15',3,21.0113019,105.7766342,1,'2024-07-02 13:44:42','2024-07-02 13:44:42'),(36,23,1,2,'Back End Developer (Java, MySQL, Spring)','Hà Nội: Tầng 15, Keangnam Landmark 72, Nam Từ Liêm',10,NULL,NULL,2,NULL,'Đảm bảo hiệu suất, chất lượng và khả năng đáp ứng tốt nhất có thể của các ứng dụng ở phía Back-end\n                Tư vấn, phân tích, thiết kế\n                Phát triển, kiểm thử, sửa lỗi\n                Vận hành và bảo trì hệ thống.','Có ít nhất 2 năm kinh nghiệm về JAVA (Ưu tiên kinh nghiệm cao)\n                Có kinh nghiệm phát triển ứng dụng web\n                Phát triển dựa trên Spring, Spring Boot F/W\n                Phát triển API (REST API)\n                Sử dụng thành thạo 1 trong các ngôn ngữ DB như MySQL, MongoDB , Oracle , SQL\n                Git, Jira, Confluence\n                Hiểu và áp dụng CI/CD\n                Tốt nghiệp Đại Học trở lên\n                Giao tiếp Tiếng anh ở mức trung bình (TOEIC trên 550 và các chứng chỉ tương tự hoặc tự tin giao tiếp tiếng anh)','Lương, thưởng sẽ được thảo luận sau khi thông qua CV & Phỏng vấn\n                Review đánh giá năng lực hàng năm và điều chỉnh tăng lương theo hiệu quả công việc\n                Phụ cấp chứng chỉ ngoại ngữ tiếng hàn (TOPIK)\n                Chăm sóc sức khỏe: Khám sức khỏe định kỳ hàng năm, Bảo hiểm sức khỏe cao cấp\n                Điều kiện làm việc thoải, linh hoạt\n                Cơ hội phát triển nghề nghiệp tốt với các dự án thú vị và đầy thử thách;\n                Các khóa đào tạo tiếng Anh, tiếng Hàn, kỹ thuật, kỹ năng mềm;\n                Cơ hội học các khóa học đặc biệt của LG CNS, công nghệ mới và bảo mật\n                Quà tặng vào các dịp lễ, tết (30/4-1/5, 2/9, tết v.v)\n                Các hoạt động ngoài trời với sự hỗ trợ của công ty: câu lạc bộ thể thao, team building, tiệc happy hour, sinh nhật, du lịch, sự kiện nhân viên và gia đình, v.v.\n                Thời gian làm việc: 8 tiếng từ T2 - T6 (8:00- 12:00/ 13:00- 17:00), Happy hour chiều thứ 6 hàng tuần','2024-08-15',3,21.0113019,105.7766342,1,'2024-07-04 13:44:42','2024-07-04 13:44:42'),(37,24,1,2,'Senior JavaScript Developer','Hà Nội: No 5, Dien Bien Phu Street, Ba Dinh Ward, Hanoi, Ba Đình',1,NULL,50,4,NULL,'You are a Senior Developer familiar with large scale enterprise applications architecture and development using React.js for front-end, Node.js for backend and middleware like Cassandra or Elastic search.\n                You will become part of the TDrive Team, which is a secure end-to-end encrypted cloud storage solution. The software easily integrates with other Linagora products, such as Tmail (James Apache and Twake chat on Matrix, as well as OnlyOffice, and is also aimed at simple integration with any SSO.                \n                TDrive is available for on-premise installation.                \n                Development stage: used by clients in on-premise format, availability for the B2C segment as SaaS is planned for February 2024.','5+ years of experience building applications with any reactive framework\n                5+ years of experience coding in JavaScript, HTML, CSS\n                Experience developing in React.js or Vue.js\n                Experience developing single-page applications\n                Experience with automated unit, integration, and end-to-end testing\n                Experience integrating systems using Rest APIs\n                Experience building robust and secure Rest APIs in Node.js, JSON\n                Experience working with Cassandra (or at least SQL) designing schemas and writing optimized queries\n                Solid work experience using component-based development on the client side\n                Good communication in English','Flexible hybrid working mode\n                Work in an international team with highly skilled people\n                Additional health insurance with attractive coverage and benefits\n                Correct work/life balance\n                Annual company trip, other exciting activities for team building\n                Working 5 days/week, from Monday to Friday\n                Lunch allowance, 13th-month salary, competitive salary\n                Annual health checkups and other benefits based on labor law\n                Participate to Open Source communities and conferences in Vietnam\n                Modern working space, free coffee','2024-08-15',3,21.009231,105.823711,1,'2024-07-06 13:44:42','2024-07-06 13:44:42'),(38,24,1,2,'Senior Frontend Developer','Hà Nội: No 5, Dien Bien Phu Street, Ba Dinh Ward, Hanoi, Ba Đình',1,NULL,50,5,NULL,'- Developing product landing pages and sites\n                - Develop reusable user interface components and front-end libraries in React.JS\n                - Proactively analyze website performance and implement solutions for improvement\n                - Collaborate with architects, developers, business analysts, and marketing team','5+ years of experience building applications with any reactive framework\n                5+ years of experience coding in JavaScript, HTML, CSS\n                Experience developing in React.JS or Vue.JS\n                Experience working with one of the visualization libraries: PixiJS, Three.JS, Konva, Paper.JS, p5.JS\n                Solid work experience using component-based development on the client side','Flexible hybrid working mode\n                Work in an international team with highly skilled people\n                Additional health insurance with attractive coverage and benefits\n                Correct work/life balance\n                Annual company trip, other exciting activities for team building\n                Working 5 days/week, from Monday to Friday\n                Lunch allowance, 13th-month salary, competitive salary\n                Annual health checkups and other benefits based on labor law\n                Participate to Open Source communities and conferences in Vietnam\n                Modern working space, free coffee','2024-08-15',3,21.009231,105.823711,1,'2024-07-06 13:44:42','2024-07-06 13:44:42'),(39,25,1,2,'Lập Trình Viên Javascript','- Hà Nội: 2 Vương Thừa Vũ, Quận Thanh Xuân, Hà Nội, Thanh Xuân\n                - Hà Nội: Tòa nhà Tân Hồng Hà, 317 đường Trường Chinh, Hà Nội, Đống Đa',1,25,30,3,NULL,'Tham gia vào dự án với yêu cầu từ khách hàng Nhật Bản;\n                Xây dựng thiết kế phát triển những phần mềm mới dựa trên nền tảng các sản phẩm của Microsoft (SharePoint, Translation API, Azure..)\n                Bảo trì, nâng cấp các sản phẩm có sẵn (Hệ thống liên quan đến quản lý dữ liệu của các trường Đại học ở Nhật Bản)','Khả năng tiếng Nhật tương đương N5 trở lên\n                Yêu thích công việc lập trình ở một trong các ngôn ngữ Java/ Javascript phiên bản 8...\n                Có kinh nghiệm làm các dự án offshore là một lợi thế\n                Sẵn sàng học hỏi tiếp thu lĩnh vực mới. Chịu khó và chăm chỉ, kỷ luật trong công việc\n                Ưu tiên ứng viên đã từng làm các dự án Nhật\n                Sẵn sàng on-site tại Nhật Bản','Lương thỏa thuận theo năng lực thực tế của ứng viên.\n                Trong thời gian onsite tại Nhật Bản, ngoài lương nhận tại Việt Nam, trợ cấp sinh hoạt và toàn bộ vé máy bay, chi phí visa, đi lại, nhà trọ do công ty chi trả\n                Thưởng lễ tết, thưởng tháng lương thứ 13, thưởng nhân viên xuất sắc quý, năm, nhân viên tiêu biểu đi du lịch Nhật Bản.\n                Nghỉ theo lịch công ty, nghỉ theo lịch khách hàng Nhật...\n                \n                Văn phòng làm việc tiện ích:\n                Miễn phí trà, coffee tại khu vực ăn uống của công ty.\n                Teabreak vào các ngày T2-T4-T6\n                Các hoạt động sôi nổi: Như hoạt động team building kết nối đội nhóm theo quy định','2024-08-15',3,20.999533,105.831645,1,'2024-07-02 13:44:42','2024-07-02 13:44:42'),(40,25,1,2,'Java Developer','Hà Nội: Tòa nhà Tân Hồng Hà, 317 Trường Chinh, Thanh Xuân',1,20,28,3,NULL,'– Xây dựng thiết kế phát triển những phần mềm mới dựa trên nền tảng các sản phẩm của Microsoft (SharePoint, Translation API, Azure..)\n\n                – Bảo trì, nâng cấp các sản phẩm có sẵn (Hệ thống liên quan đến quản lý dữ liệu của các trường Đại học ở Nhật Bản)\n                \n                – Có khả năng chuyển công tác tới văn phòng tại Osaka khi đạt khả năng tiếng Nhật N3','– Tốt nghiệp Đại học/ Cao đẳng ngành Công nghệ thông tin, Khoa học máy tính\n\n                – Có kinh nghiệm làm việc với ngôn ngữ lập trình Java ít nhất 2 năm, kinh nghiệm với XSLT là một lợi thế\n                \n                – Có kinh nghiệm phát triển hệ thống Web ở back-end và front-end (HTML/CSS/ Node.js) là một lợi thế\n                \n                – Có kinh nghiệm sử dụng, phát triển dựa trên Web API\n                \n                – Có khả năng đọc hiểu tài liệu bằng tiếng Anh (Nhật) là một lợi thế\n                \n                – Tiếng Nhật cơ bản từ N5\n                \n                – Có nguyện vọng học tiếng Nhật và nâng cao năng lực bản thân','- Tham gia mọi chế độ BHXH, BHYT, BHTN (theo quy định của Luật lao động Việt Nam)\n\n                - Có cơ hội được làm việc tại trụ sở ở Nhật\n                \n                - Tham gia các hoạt động của công ty.','2024-08-15',3,20.999533,105.831645,1,'2024-07-02 13:44:42','2024-07-02 13:44:42'),(41,25,1,2,'Sales IT Executive B2B','- Hà Nội: 317 Đường Trường Chinh, Quận Thanh Xuân (gần khu vực Quận Đống Đa), Đống Đa\n                - Hà Nội: Tòa nhà Tân Hồng Hà, 2 Vương Thừa Vũ, Quận Thanh Xuân, Hà Nội, Thanh Xuân',1,10,15,1,NULL,'Văn phòng trụ sở làm việc tại Hà Nội/Hồ Chí Minh\n                Tìm kiếm, khai thác khách hàng mới, phát triển các cơ hội kinh doanh mới cùng với khách hàng khối Âu Mỹ (Phần mềm, giải pháp công nghệ thông tin.)\n                Tạo lập và phát triển mối quan hệ với khách hàng tiềm năng, chăm sóc khách hàng của công ty\n                Chuẩn bị và gửi báo giá, telesales, lắng nghe nhu cầu khách hàng, chuẩn bị và theo dõi hợp đồng\n                Phối hợp với Team TA/HR để triển khai dự án dịch vụ (IT Outsourcing) của Techbank\n                Chủ động & tích cực tham gia các buổi trainning, coaching về nghiệp vụ: tìm kiếm khách hàng, kỹ năng phỏng vấn, giao tiếp với khách hàng, kỹ năng chốt hợp đồng, xử lý đơn hàng...\n                Chi tiết trao đổi trong quá trình phỏng vấn','Tiếng Anh giao tiếp tốt, đọc và viết thành thạo, hoặc tương đương TOEIC 800, IELTS 6.5\n                Rất ưu tiên có kinh nghiệm Sales IT (outsourcing phần mềm) thị trường tiếng Anh khoảng 1 năm hoặc ở các vị trí BD, hunt tại các công ty IT hoặc các công ty hunt\n                Tư duy sales và đam mê kinh doanh, bán hàng\n                Tư duy logical-thinking\n                Tính cách hòa đồng, vui vẻ, năng nổ, chủ động và trao đổi trong công việc\n                Sáng tạo, nhiều ý tưởng, tư duy nhanh nhẹn và chủ động trong công việc.\n                Có khả năng giao tiếp mạch lạc, tự tin, có kỹ năng trình bày, kỹ năng đàm phán và kỹ năng tự học hỏi.','Tổng thu nhập: Lương cơ bản và hoa hồng hấp dẫn (theo cấp số nhân, bình quân lương năm từ 240tr trở lên)\n                Thưởng tháng/quý/năm\n                Thưởng các dịp ngày Lễ Tết\n                Team trẻ trung năng động, làm việc theo phong cách Châu Âu\n                Các hoạt động Team Building, Teabreak các ngày thứ 2-4-6','2024-08-15',3,20.999533,105.831645,1,'2024-07-06 13:44:42','2024-07-06 13:44:42'),(42,26,1,2,'Front-End Developer (Html/Css/ JavaScript )','Hồ Chí Minh: 1073/23 Cách mạng tháng 8, phường 7, quận Tân Bình, TP HCM, Tân Bình',5,8,25,0,NULL,'Trực tiếp tham gia các dự án cho khách hàng, lập trình các sản phẩm HTML với hiệu ứng hiện đại, chuẩn responsive trên các thiết bị từ PC, Desktop, Mobile,...\n                Cắt HTML, sử dụng HTML5/CSS3, Jquery để làm giao diện , thực hiện các ý tưởng thiết kế, ý tưởng xây dựng của khách hàng\n                Kiểm thử và nhập liệu mẫu theo đúng dữ liệu mà mình đã cắt html, kiểm tra điều chỉnh lại code nếu có lỗi phát sinh\n                Thực hiện các công việc liên quan theo sự phân công của cấp trên','Có ít nhất 2 năm kinh nghiệm với HTML, CSS, JS\n                Có kinh nghiệm cắt giao diện từ tool design (Figma, Photoshop...)\n                Có kinh nghiệm làm việc với SCSS, LESS, SASS.\n                Có kinh nghiệm Javascript, Jquery\n                Có kinh nghiệm tùy biến giao diện trên nhiều nền tảng trình duyệt web khác nhau (responsive)\n                Có kinh nghiệm tùy biến file theme của WordPress là lợi thế\n                Có kinh nghiệm làm việc với template engine (GULP, GRUNT) là điểm cộng.\n                Biết kỹ năng sử dụng Git','Luôn được hướng dẫn tư duy Logic nghiệp vụ\n                Xét lương tối thiểu 1 năm 1 lần và không dưới 10%\n                Ngày nghỉ: 12 Ngày phép trong năm + Các ngày Lễ/ Tết, Thưởng tháng 13, Tham gia BHXH, Team building\n                Các buổi training chuyên sâu kỹ thuật/ kỹ năng mềm định kỳ• Các giải thể thao điện tử định kỳ\n                Hoạt động bóng đá mỗi thứ 5 hàng tuần\n                Team Building tối thiểu 1 lần/năm\n                Làm việc tại một môi trường thoải mái về đồng phục nhưng chuẩn mực về thái độ\n                Cạnh tranh tại đấu trường Mona E-Sport với các môn thể thao HOT như Counter Strike, PES, Fifa... cùng nhiều giải thưởng hấp dẫn\n                Hoạt động thể thao, nâng cao sức khỏe thông qua những trận banh siêu kinh điển mỗi tuần\n                Leader luôn tạo điều kiện học hỏi và phát triển thông qua các buổi Seminar, giúp nâng cao tay nghề, tư duy làm việc chuyên nghiệp','2024-08-15',3,10.790966,106.656124,1,'2024-07-06 13:44:42','2024-07-06 13:44:42'),(43,26,1,2,'Nhân Viên Lập Trình PHP - Wordpress','Hồ Chí Minh: 1073/23 Đ. Cách Mạng Tháng 8, Phường 7, Tân Bình, Thành phố Hồ Chí Minh, Tân Bình',5,8,15,1,NULL,'Thực hiện chuyển Website từ HTML tĩnh sang Website động bằng CMS Wordpress\n                Triển khai các dự án, giải pháp thực tế cho khách hàng\n                Trực tiếp tham gia các dự án với khách hàng, được trải nghiệm thực tế\n                Phát triển các tính năng mới và bảo trì hệ thống\n                Hỗ trợ xây dựng tài liệu quản trị Website\n                Tham gia Import Data Website\n                Thực hiện các công việc liên quan theo sự phân công của cấp trên','PHP căn bản, luôn được đào tạo Update kỹ năng liên tục\n                HTML/CSS, Javascript, Jquery căn bản\n                Biết sử dụng CMS Wordpress theme và hiểu về Wordpress plugin\n                Biết Wordpress core theme căn bản\n                Tư duy lập trình tốt, có khả năng nắm bắt và học hỏi nhanh\n                Không ngại thử thách với những ngôn ngữ, framework lập trình mới','Luôn được hướng dẫn tư duy Logic nghiệp vụ\n                Xét lương tối thiểu 1 năm 1 lần và không dưới 10%\n                Ngày nghỉ: 12 Ngày phép trong năm + Các ngày Lễ/ Tết, Thưởng tháng 13, Tham gia BHXH, Team building\n                Các buổi training chuyên sâu kỹ thuật/ kỹ năng mềm định kỳ\n                Các giải thể thao điện tử định kỳ\n                Hoạt động bóng đá mỗi thứ 5 hàng tuần\n                Team Building tối thiểu 1 lần/năm\n                Làm việc tại một môi trường thoải mái về đồng phục nhưng chuẩn mực về thái độCạnh tranh tại đấu trường Mona E-Sport với các môn thể thao HOT như Counter Strike, PES, Fifa... cùng nhiều giải thưởng hấp dẫn\n                Hoạt động thể thao, nâng cao sức khỏe thông qua những trận banh siêu kinh điển mỗi tuần\n                Leader luôn tạo điều kiện học hỏi và phát triển thông qua các buổi Seminar, giúp nâng cao tay nghề, tư duy làm việc chuyên nghiệp','2024-08-15',3,10.790966,106.656124,1,'2024-07-04 13:44:42','2024-07-04 13:44:42'),(44,26,1,2,'Junior/ Middle Frontend Developer (Reactjs)','Hồ Chí Minh: 1073/23 Đ. Cách Mạng Tháng 8, Phường 7, Tân Bình, Thành phố Hồ Chí Minh, Tân Bình',5,8,18,1,NULL,'Tham gia nghiên cứu và phát triển sản phẩm\n                Làm việc theo sự phân công của Leader\n                Phối hợp giữa các nhóm để phát triển dự án\n                Tham gia các công đoạn tìm hiểu yêu cầu, phân tích, thiết kế, nghiên cứu các dự án Web - Application','Thành thạo HTML/CSS/JAVASCRIPT.\n                Xử lý thành thạo React Hook, Redux, Redux toolkit.\n                Sử dụng các thư viện component (e.g. Material UI).\n                Hiểu về CSS Frameworks (e.g. Tailwind CSS) và Preprocessors (e.g. Sass, SCSS).\n                Làm việc hiệu quả với các công cụ quản lý version (e.g. gitlab).\n                Kinh nghiệm tối thiểu 1 năm với Reactjs, hiểu biết về React Native là một lợi thế.\n                Có kinh nghiệm làm việc về REST, API, JSON,....\n                Tư duy logic tốt.','Luôn được hướng dẫn tư duy Logic nghiệp vụ\n                Xét lương tối thiểu 1 năm 1 lần và không dưới 10%\n                Ngày nghỉ: 12 Ngày phép trong năm + Các ngày Lễ/ Tết, Thưởng tháng 13, Tham gia BHXH, Team building\n                Các buổi training chuyên sâu kỹ thuật/ kỹ năng mềm định kỳ• Các giải thể thao điện tử định kỳ\n                Hoạt động bóng đá mỗi thứ 5 hàng tuần\n                Team Building tối thiểu 1 lần/năm\n                Làm việc tại một môi trường thoải mái về đồng phục nhưng chuẩn mực về thái độ\n                Cạnh tranh tại đấu trường Mona E-Sport với các môn thể thao HOT như Counter Strike, PES, Fifa... cùng nhiều giải thưởng hấp dẫn\n                Hoạt động thể thao, nâng cao sức khỏe thông qua những trận banh siêu kinh điển mỗi tuần\n                Leader luôn tạo điều kiện học hỏi và phát triển thông qua các buổi Seminar, giúp nâng cao tay nghề, tư duy làm việc chuyên nghiệp','2024-08-15',3,10.790966,106.656124,1,'2024-07-02 13:44:42','2024-07-02 13:44:42'),(45,27,1,2,'FrontEnd Developer (JS, ReactJS)','Hồ Chí Minh: Số 308 Trần Phú, Quận 5',1,NULL,NULL,3,NULL,'Collaborate with cross-functional teams, including designers, back-end developers, product managers, and system administrators, to translate design concepts and business requirements into well-structured and visually appealing user interfaces.\n                Develop efficient, scalable, and reusable code using React.js, Nest JS, and Next JS.\n                Implement responsive designs and ensure compatibility across different devices and browsers.\n                Optimize application performance to ensure fast rendering and smooth user interactions.\n                Write clean, maintainable, and testable code following best practices and coding standards.\n                Conduct code reviews and provide constructive feedback to team members to ensure high code quality and consistency.\n                Collaborate with NodeJS Back End developers to define and consume APIs for seamless integration.\n                Work closely with the UX/UI design team to provide technical insights and ensure UI designs are implementable and user-friendly.\n                Participate in project planning, estimation, and task prioritization to meet project timelines and deliverables.\n                Troubleshoot and debug issues, identify and implement solutions, and perform thorough testing to ensure high-quality software delivery.\n                Contribute to improving development processes, tools, and methodologies to enhance team efficiency and productivity.\n                Collaborate with system administrators to deploy and maintain the software in an AWS environment.','Bachelor\'s degree in Computer Science, Software Engineering, or a related field.\n                Proven experience (3+ years) as a React Front-end Developer, working on complex web applications.\n                Strong proficiency in JavaScript, ES6+, HTML5, and CSS3.\n                Extensive experience with React.js and its ecosystem (React Router, Redux/MobX, etc.).\n                Experience with server-side rendering using Next JS and building APIs using Nest JS.\n                Familiarity with UI/UX principles and ability to work closely with designers to implement pixel-perfect designs.\n                Experience with responsive and mobile-first development techniques.\n                Solid understanding of front-end build tools (Webpack, Babel, etc.) and package managers (npm, Yarn).\n                Knowledge of modern front-end development workflows (GIT, CI/CD, code linting, testing, etc.).\n                Understanding of RESTful APIs and integration with back-end services.\n                Strong problem-solving and debugging skills, with the ability to identify and resolve front-end issues effectively.\n                Excellent communication and collaboration skills, with the ability to work in a cross-functional team environment.Proven experience or willingness to cover the Business Analyst (BA) and Tester functions.\n                Familiarity with AWS services and deployment processes.\n                Self-motivated, proactive, and able to work independently as well as in a team setting.','Lunch allowance, Commuting allowance, Accommodation allowance\n                Challenging and rewarding projects that contribute to the improvement of the education sector.\n                Collaborative and supportive work environment with a focus on teamwork and knowledge sharing.\n                9AM - 5PM, Monday - Friday, paid OT, promoting work-life balance.\n                Health insurance and other benefits as per company policy.\n                Continuous learning and development opportunities through training, workshops, and conferences.\n                Performance evaluations and feedback as requested.\n                Opportunity to make a meaningful impact in the lives of students and educational institutions through innovative software solutions','2024-08-15',3,21.010369,105.815518,1,'2024-07-06 13:44:42','2024-07-06 13:44:42'),(46,27,1,3,'Trưởng Nhóm Kinh Doanh / Sale Team Leader','- Hà Nội: Số 65 Yên Lãng, Đống Đa\n                - Hà Nội: Số 16 Nguyễn Văn Huyên, Phường Quan Hoa, Cầu Giấy\n                - Hà Nội: V6B-05, Phố Văn Khê, KDT Văn Phú, Phường Phú La, Hà Đông',1,20,35,1,NULL,'a. Cá nhân\n                Trực tiếp tư vấn và giải đáp chi tiết các thắc mắc về chương trình học cho học viên tại trung tâm và các đối tác\n                Trực tiếp hỗ trợ học viên xuyên suốt quá trình học tập, đảm bảo học viên luôn được giải đáp thông tin chính xác và nhanh chóng.\n                Tham gia các hoạt động phát triển kinh doanh, các sự kiện với đối tác\n                b. Quản lý nhóm                \n                Quản lý team kinh doanh với 3 - 5 thành viên\n                Lên kế hoạch làm việc cho cá nhân và team, đảm bảo đạt/vượt chỉ tiêu về doanh thu\n                Làm việc trực tiếp với Quản lý kinh doanh khu vực (SM) để nắm các thay đổi về quy định, chính sách, kế hoạch.\n                Báo cáo mỗi giai đoạn và tính commission cho nhân sự trong team','Có kinh nghiệm sale về lĩnh vực Giáo dục ít nhất 1 năm\n                Có khả năng đàm phán – thuyết phục tốt, chịu được áp lực công việc\n                Kỹ năng quản lý, dẫn dắt và điều phối nhân sự\n                Xây dựng mục tiêu công việc cụ thể, rõ ràng\n                Có laptop cá nhân','Thu nhập thực tế từ 20M – 35M, cụ thể: \n                Lương cứng: 16M - 35M (deal trực tiếp trong buổi phỏng vấn) \n                Hoa hồng: theo chế độ của Phòng Kinh doanh (thưởng cá nhân, thưởng team, thưởng tháng, thưởng Quý, thưởng tích lũy năm) \n                Thưởng nóng + các khoản lương dự án khác \n                Lương tăng ca x 150%\n                Hỗ trợ tiền ăn trưa từ 780.000 - 1.300.000Đ (tính riêng với lương)\n                Lộ trình thăng tiến lên Quản lý Trung Tâm hoặc Quản lý kinh doanh khu vực hoặc Giám đốc dự án (sau 9 - 15 tháng)\n                Môi trường làm việc năng động, chuyên nghiệp, khuyến khích tư duy mở và sáng tạo\n                Quà sinh nhật, thưởng Lễ, Tết đầy đủ\n                Được đóng BHXH, BHYT, lương thưởng theo Luật lao động quy định sau khi kết thúc thử việc','2024-08-15',3,21.010369,105.815518,1,'2024-07-06 13:44:42','2024-07-06 13:44:42'),(47,28,1,3,'Technical Lead Frontend ( ReactJS )','Hồ Chí Minh: 374 Võ Văn Tần, phường 5, Quận 3',1,NULL,NULL,5,NULL,'Quản lý Dự Án:\n                Lên kế hoạch và phân chia công việc cho các thành viên trong nhóm.\n                Theo dõi tiến độ dự án, đảm bảo các mốc thời gian được tuân thủ.\n                Đánh giá và phân tích yêu cầu dự án, tham gia vào quá trình lập kế hoạch và thiết kế hệ thống.\n                Phát Triển Frontend:\n                Thiết kế và tạo tài liệu giải pháp kỹ thuật và tài liệu thiết kế hệ thống. Đảm bảo tuân thủ các mẫu thiết kế phù hợp (design pattern).\n                Đảm bảo chất lượng mã nguồn và tuân thủ các tiêu chuẩn lập trình của công ty của các thành viên.\n                Quản lý mã nguồn theo quy trình và thiết lập các luồng tích hợp (CI:CD).\n                Tham gia viết mã nguồn cùng nhóm lập trình với ReactJS.\n                Phối hợp thực hiện kiểm thử hiệu suất hệ thống và điều chỉnh tối ưu hệ thống.\n                Khắc phục lỗi an toàn bảo mật thông tin.\n                Hỗ trợ vận hành và khắc phục lỗi môi trường sản xuất.','Trình Độ Học Vấn:\n                Tốt nghiệp đại học chuyên ngành Công nghệ Thông tin hoặc các ngành liên quan.\n                Kinh Nghiệm:\n                Có ít nhất 5 năm kinh nghiệm trong lĩnh vực phát triển phần mềm Frontend.\n                Ít nhất 2 năm kinh nghiệm ở vị trí quản lý nhóm kỹ thuật lập trình.\n                Kỹ Năng:\n                Thành thạo ReactJS và các thư viện liên quan.\n                Kinh nghiệm trong thiết kế và phát triển giao diện theo kiến trúc Microservice.\n                Kỹ năng lập trình vững chắc với các công nghệ Frontend khác (HTML, CSS, JavaScript).\n                Hiểu biết sâu về các công cụ và phương pháp quản lý dự án phần mềm (ví dụ: Agile, Scrum).\n                Kỹ năng giao tiếp và lãnh đạo tốt.\n                Khả năng giải quyết vấn đề và đưa ra quyết định nhanh chóng và hiệu quả.\n                Phẩm Chất Cá Nhân:\n                Chịu được áp lực công việc cao.\n                Tư duy logic, sáng tạo và có trách nhiệm.\n                Kỹ năng làm việc nhóm tốt và tinh thần hợp tác.','Mức lương cạnh tranh và thưởng hiệu suất.\n                12 ngày phép năm + 3 ngày nghỉ ốm + 1 ngày sinh nhật mỗi năm\n                Chế độ bảo hiểm theo quy định của nhà nước và công ty.\n                Cơ hội tham gia các khóa đào tạo nâng cao chuyên môn.\n                Môi trường làm việc năng động, sáng tạo và có cơ hội thăng tiến.\n                Hoạt động du lịch hằng năm, teambuilding và các hoạt động cộng đồng.','2024-08-15',3,10.770592,106.684486,1,'2024-07-04 13:44:42','2024-07-04 13:44:42'),(48,28,1,2,'Business Analyst (Senior)','Hồ Chí Minh: 374 Võ Văn Tần, phường 5, Quận 3',3,NULL,NULL,3,NULL,'• Understanding and documenting business processes and workflows and their relationships to current and future software solutions.\n                • Partnering with business users to fully surface their requirements (finance, insurance, banking, enterprise domain), conducting interviews with key project stakeholders and document and presenting the results.\n                • Completing research and providing analysis as needed to support Management in decision making\n                • Help manage expectations of users and management, consulting users in translate their expectation into software requirements. Analyzing the impact of change requests.\n                • Gathering critical information from meetings with various stakeholders and producing useful reports.\n                • Serving as a liaison between stakeholders and users.\n                • Monitoring deliverables and ensuring timely completion of projects.\n                • Assist Technology Solutions teams in documenting scope, defining gaps and updating implementation estimates.\n                • Work with PM, Technical leads and other technical roles to design optimal solution.\n                • Design application mock-up / wireframe using prototyping tools and model the requirements by using charting tools.','• 4+ years - work experience in systems or quantitative analysis and business solutions development.\n                • Knowledge of the life insurance, finance - banking industry.\n                • Analytical, organized with excellent written and verbal communication skills.\n                • Proven application of analytical skills and solution focused mindset.\n                • Knowledge of Business Process Modeling using decision tables/trees and data flows, etc.\n                • Basic understanding of technology system interfaces and data integration.\n                • Work experience or an education in programming and also knowledge in database.\n                • Proven analytical abilities.\n                • Practical experience generating process documentation and reports.\n                • Excellent communicator with the ability to translate data into actionable insights.\n                • Microsoft software experience (i.e., Excel, Word, Access and Project).\n                • Familiarity with project management methods (Agile, Waterfall, etc.).','Competitive salary and benefits;\n                Working time: 8:30AM - 05:30PM, Monday – Friday;\n                12 days of annual leave + 3 days of sick leave + 1 day of birthday per year\n                Participated in social insurance, unemployment insurance, health insurance and full policies according to the labor law;\n                13th month salary & bonus policies, allowances at the Company;\n                UNIT-Care health care insurance by level;\n                Salary increases according to company regulations or unexpected salary raise in case of outstanding ability;\n                Professional and dynamic working environment, unlimited promotion opportunities;\n                Opportunity to participate in many large projects in Vietnam & abroad;\n                Work on the latest technology platform;\n                Join in company trip, teambuilding & community activities.','2024-08-15',3,10.770592,106.684486,1,'2024-07-04 13:44:42','2024-07-04 13:44:42'),(49,29,3,1,'Thực Tập Sinh PHP - Fulltime','- Hà Nội: tòa Mitec, Dương Đình Nghệ, Yên Hòa, Cầu Giấy',2,NULL,NULL,NULL,NULL,'Review lại kiến thức về Html/css/js, Mysql theo chương trình nội bộ\n                Review lại kiến thức về PHP cơ bản theo chương trình nội bộ\n                Làm quen với CMS hoặc Framework Laravel dựa theo mong muốn\n                Tham gia xây dựng và phát triển hệ thống.\n                Lập trình các module phần mềm theo yêu cầu và chỉ dẫn của Leader\n                Tìm hiểu nghiệp vụ, đề xuất giải pháp và lập trình các module, phần mềm theo dự án được giao;\n                Thực hiện sửa các lỗi phát hiện trong quá trình phát triển hệ thống.','Sinh viên năm cuối hoặc đã tốt nghiệp trong lĩnh vực CNTT, Khoa học máy tính hoặc các ngành liên quan (có thể đi làm Full-time)\n                Nắm chắc kiến thức cơ bản về lập trình PHP, tư duy lập trình tốt và yêu thích lập trình PHP\n                Yêu thích tìm tòi các cms, framework laravel ...\n                Biết căn bản html/ css và javascript\n                Chịu khó tìm tòi học hỏi, tác phong làm việc chuyên nghiệp, năng động, cầu tiến, có trách nhiệm với công việc\n                Có kĩ năng đọc hiểu English ở mức tương đương TOEIC 600 trở lên, ứng viên có khả năng giao tiếp English là lợi thế\n                CV vui lòng ghi rõ các dự án/đồ án/bài tập lớn đã làm.','Ký hợp đồng đào tạo trong vòng 3 tháng, công ty có mức hỗ trợ khi TTS join vào dự án\n                Có cơ hội trở thành nhân viên chính thức với nhiều đãi ngộ hấp dẫn.\n                Được đào tạo fulltime, định hướng bởi mentor giỏi và có nhiều kinh nghiệm.\n                Tiếp cận với những công nghệ tiên tiến, định hướng lộ trình phát triển nghề nghiệp.\n                Môi trường làm việc năng động, trẻ trung, thân thiện khuyến khích trao đổi phản hồi\n                Tham gia các sự kiện của công ty như team building, du lịch hè, các CLB của Công ty: Bóng đá, Gym, Media ...\n                Được nhận quà Tết, quà sinh nhật công ty, quà chào mừng nhân viên mới ...\n                Làm việc trong môi trường sáng tạo năng động, được trao quyền làm chủ, nhiều thử thách và cơ hội phát triển năng lực cá nhân, đồng nghiệp thân thiện cởi mở.\n                Cơ hội thăng tiến rõ ràng, định kỳ đánh giá công việc hàng tháng quý năm\n                Sôi nổi các hoạt động phong trào học tập phát triển','2024-08-15',2,21.0200084,105.7813238,1,'2024-07-08 13:44:42','2024-07-08 13:44:42'),(50,29,1,2,'Middle/Senior ReactJS Developer','- Hà Nội: tòa Mitec, Dương Đình Nghệ, Yên Hòa, Cầu Giấy',1,NULL,NULL,4,NULL,'Build web application UIs using modern technologies (HTML5, CSS3, JavaScript, etc.) and ReactJS framework.\n                Participate in all stages of development: requirement analysis, estimation, implementation, code review, unit testing, and overall testing.\n                Collaborate with cross-functional teams to deliver high-quality web interfaces and applications.\n                Optimize existing products for improved efficiency.\n                Continuously learn new technologies and stay updated on industry trends.\n                Contribute to technical and user documentation.\n                Mentor and train intern/junior developers.','Proficient in HTML5, CSS3, and JavaScript\n                Have deep knowledge of Javascript and Typescript\n                4+ years experience working with Frontend framework\n                Familiarity with RESTful APIs and GraphQL\n                Experience with responsive and adaptive design across browsers and platforms\n                Debugging skills and strong sense of UI/UX design principles\n                Familiarity with Git/Git-flow and code review processes\n                Ability to write clean, maintainable, and well-documented code\n                Strong problem-solving skills','Competitive Salary\n                Bonuses: 13th-month salary, performance-based bonuses tied to the company\'s business performance, individual capacity, etc.\n                Full Salary During Probation: Employees receive 100% of their salary during the probationary period.\n                Social and Health Insurance: Social insurance, health insurance, and unemployment insurance as regulated by the government. Social insurance payment is processed during the labor contract signing process.\n                Top-up Health Insurance for Employees after 1 year of employment contract signing\n                Additional Benefits: Longevity benefits, annual health check-up, bi-annual performance reviews, yearly travel and quarterly team-building activities\n                Company Clubs: Participation in company clubs such as Football Club, Game Club, Gym Club, Badminton Club, Media Club, etc.\n                Gifts and Recognition: Gifts for Tet (Lunar New Year), company birthday, welcoming new employees, and other special occasions.\n                Training and Development:\n                Access to complimentary in-house training with experienced instructors.\n                Support for external training programs.\n                Policies that promote learning activities, knowledge exchange, and sharing.\n                Working Hours: 5 days/week, Monday to Friday\n                Flexible working hours: 8 hours/day, can start between 8:30 am and 9:00 am and end between 5:30 pm and 6:00 pm.','2024-08-15',2,21.0200084,105.7813238,1,'2024-07-08 13:44:42','2024-07-08 13:44:42'),(51,29,1,2,'Middle QA Tester','- Hà Nội: tòa Mitec, Dương Đình Nghệ, Yên Hòa, Cầu Giấy',1,NULL,NULL,4,NULL,'Tham gia phân tích yêu cầu cho các dự án phát triển phần mềm.\n                Tạo test scenario, test checklist, test case...\n                Tạo test data, thiết lập môi trường kiểm thử.\n                Lên plan và control plan, chất lượng dự án.\n                Báo lỗi, giám sát việc sửa lỗi của nhà phát triển và đảm bảo chất lượng của phần mềm.\n                Đánh giá test result và viết test report.\n                Đề xuất, điều chỉnh quy trình phát triển sản phẩm phù hợp với yêu cầu cụ thể của từng dự án, kiểm soát đảm bảo thực hiện đúng quy trình đã thống nhất.\n                Kiểm soát tiến độ và chất lượng dự án. (Ứng viên chưa có kinh nghiệm sẽ được đào tạo)\n                Đánh giá/Phát hiện rủi ro, đưa ra giải pháp phòng tránh rủi ro và giải quyết vấn đề.\n                Mentor và train intern/junior QC (nếu chưa có kinh nghiệm sẽ được đào tạo)','Có ít nhất 4 năm kinh nghiệm test web/ test app trên thiết bị di động (không tính thời gian thực tập), đã có kinh nghiệm làm dự án thị trường Nhật\n                Có kiến thức chung liên quan đến kiểm thử: định nghĩa cơ bản, thuật ngữ và quy trình phát triển phần mềm\n                Có khả năng phân tích và chuyển các yêu cầu sang tài liệu.\n                Có khả năng Q&A và đàm phán với khách hàng.\n                Đọc hiểu tốt và tạo tài liệu kiểm tra bằng tiếng Anh: test plan, test design, test viewpoint, checklist, test cases\n                Quản lý, phân tích, theo dõi kết quả test từ đó báo cáo và đánh giá chất lượng sản phẩm\n                Có thể review ouput của các member trong team\n                Kỹ năng tổ chức và quản lý; tự nghiên cứu, định nghĩa và quản lý tài liệu test\n                Kỹ năng đọc viết tài liệu bằng tiếng anh\n                Đã từng làm việc với môi trường có áp lực cao\n                Ứng viên có kinh nghiệm trong mảng blockchain là lợi thế','Lương thỏa thuận theo năng lực\n                Thưởng lương tháng 13, thưởng hiệu quả theo tình kinh doanh của công ty, thưởng đột xuất theo năng lực cá nhân, ...\n                Thử việc 2 tháng: nhận 100% mức lương\n                Được hưởng BHXH, BHYT, BHTN theo chế độ nhà nước ban hành.\n                Bảo hiểm Sức khỏe cao cấp dành cho toàn bộ CBNV (sau khi ký HĐLĐ 1 năm)\n                Chế độ thâm niên\n                Khám sức khỏe 1 lần/năm\n                Review performance: 2 đợt/năm\n                Được tham gia các Câu lạc bộ của Công ty: CLB Bóng đá, các CLB Game, CLB Gym, CLB Cầu Lông, Media...\n                Quà Tết, Quà sinh nhật công ty, Quà chào mừng nhân viên mới, Quà các dịp lễ ...','2024-08-15',2,21.0200084,105.7813238,1,'2024-07-08 13:44:42','2024-07-08 13:44:42'),(52,30,1,1,'ReactJS Fresher','- Hà Nội: Tòa nhà Song Da, HH4, Mễ Trì, Nam Từ Liêm, Hà Nội, Nam Từ Liêm',1,4,6,NULL,NULL,'Tham gia training với vai trò ReactJS Fresher\n                Nắm được các kiến thức, kỹ năng về công việc, hoạt động trong dự án, bộ phận Trung tâm sản xuất phần mềm\n                Có cơ hội chính thức tại các dự án với vai trò ReactJS Developer sau khi kết thúc training','Sinh viên Công nghệ thông tin năm cuối (fulltime), hoặc mới tốt nghiệp các trường Đại học/ Cao đẳng\n                Kiến thức: Biết, hiểu và sử dụng ngôn ngữ lập trình hướng đối tượng\n                Kinh nghệm: Tham gia bài tập lớn (1 sản phẩm cụ thể) tại trường hoặc tham gia dự án tại các công ty, tổ chức\n                Ưu tiên: Tốt nghiệp loại Khá trở lên. Đã tham gia các khóa học, được đào tạo về lập trình (học online, tại trung tâm đào tạo)\n                Tinh thần/Thái độ: Chủ động và Khả năng tự học tốt\n                Ngoại ngữ (Tiếng Anh): Có khả năng đọc, hiểu được các tài liệu kỹ thuật bằng tiếng anh. Nói, viết ở mức cơ bản','- Có trợ cấp trong đào tạo theo đánh giá năng lực và chuyên cần.\n                - Có cơ hội được ký HĐLĐ chính thức với Công ty sau khi thời gian đào tạo fresher và nhận mức lương hấp dẫn.\n                - Giảng viên, mentor là các anh/chị có nhiều kinh nghiệm, chuyên môn sâu và được đánh giá rất cao.\n                - Hỗ trợ vé xe hàng tháng, các thiết bị văn phòng phẩm phục vụ việc học tập.\n                - Chương trình đào tạo bài bản lên chính thức và hoàn toàn không mất phí.\n                - Chương trình được mở ra hoàn toàn mới mục đích tìm kiếm và đào tạo nguồn nhân lực chất lượng cho Công ty trong tương lai, nên chương trình học rất được đầu tư và không ngừng cải tiến nhằm đảm bảo chất lượng đào tạo là tốt nhất.','2024-08-15',3,21.017707,105.781228,1,'2024-07-08 13:44:42','2024-07-08 13:44:42'),(53,30,1,2,'IT Comtor (Japanese)','- Hà Nội: Tòa nhà Song Da, HH4, Mễ Trì, Nam Từ Liêm, Hà Nội, Nam Từ Liêm',1,NULL,NULL,2,NULL,'Dịch các tài liệu Nhật - Việt, Việt - Nhật;\n\n                Phiên dịch trong các buổi meeting dự án, đảm bảo thông tin dự án được truyền đạt chính xác và kịp thời tới 2 phía khách hàng và team phát triển;\n                \n                Support team member về mặt nghiệp vụ và kết hợp với Project Manager trong việc quản lý tiến độ dự án','Chứng chỉ tiếng Nhật N1, N2 cứng;\n\n                Có ít nhất 1 năm kinh nghiệm làm IT Comtor;\n                \n                Khả năng diễn đạt và giao tiếp hiệu quả;\n                \n                Đam mê và có khả năng học hỏi cái mới nhanh;\n                \n                Nhanh nhẹn, tích cực trong công việc và có tinh thần cầu tiến;\n                \n                Năng động, tích cực trong các hoạt động gắn kết chung.\n                \n                Nice to have:\n                \n                Ưu tiên có kiến thức/kinh nghiệm BA;\n                \n                Có khả năng biên dịch và soạn thảo tài liệu bằng tiếng Nhật\n                \n                Có tinh thần ham học hỏi, chịu được áp lực công việc cao, có khả năng làm việc theo nhóm.','Review hiệu quả công việc: 2 lần 1 năm vào tháng 6 và tháng 12, không giới hạn mức điều chỉnh lương;\n\n                Thưởng cuối năm, tháng lương thứ 13: Theo thời gian làm việc thực tế trong năm;\n                \n                Bảo hiểm sức khỏe nâng cao cho bản thân khi có thâm niên 1 năm làm việc, từ 1.5 năm sẽ được hỗ trợ khi mua bảo hiểm cho gia đình;\n                \n                Đào tạo: Chương trình đào tạo nội bộ định kỳ hàng tuần, tháng, quý; chính sách tài trợ thi lấy chứng chỉ;\n                \n                Khám sức khỏe định kỳ: 1 năm 1 lần;\n                \n                Nghỉ mát hàng năm, thể thao, teambuilding, sinh nhật tháng, ngày lễ, các event nội bộ như Du xuân, Giải bóng đá, Men’s Day, Women’s Day,...\n                \n                Môi trường làm việc: Năng động, vui vẻ được đầu tư tổ chức bài bản; CLB Cầu Lông, Yoga, bóng đá, CLB văn hóa Nhật Bản,...\n                \n                Thời gian: linh hoạt trong giờ hành chính, thứ 2 - thứ 6; nghỉ cuối tuần.','2024-08-15',1,21.017707,105.781228,1,'2024-07-08 13:44:42','2024-07-08 13:44:42'),(54,30,1,1,'Comtor Intern','',3,4,6,NULL,NULL,'- Dịch chat, dịch họp trao đổi team với KH\n\n                - Dịch tài liệu dự án\n                \n                - Follow Opp\n                \n                - Hỗ trợ PM quản lý tiến độ dự án\n                \n                - Hỗ trợ PM transfer spec cho team\n                \n                - Training các member lv thấp hơn','- JLPT N2 trở lên\n\n                - Sinh viên năm 4 hoặc đã tốt nghiệp Đại học chuyên ngành tiếng Nhật hoặc liên quan\n                \n                ※Ưu tiên đối tượng đã có thời gian du học/làm việc Nhật\n                \n                - Chủ động, năng nổ, thích tham gia các hoạt động chung\n                \n                - Có kỹ năng văn phòng tốt\n                \n                - Không yêu cầu kinh nghiệm Comtor','- Có trợ cấp trong đào tạo upto 6M theo đánh giá năng lực và chuyên cần.\n\n                - Có cơ hội được ký HĐLĐ chính thức với Công ty sau khi thời gian đào tạo fresher/intern và nhận mức lương hấp dẫn.\n                \n                - Giảng viên, mentor là các anh/chị có nhiều kinh nghiệm, chuyên môn sâu và được đánh giá rất cao.\n                \n                - Hỗ trợ vé xe hàng tháng, các thiết bị văn phòng phẩm phục vụ việc học tập.\n                \n                - Chương trình đào tạo bài bản lên chính thức và hoàn toàn không mất phí.\n                \n                - Chương trình được mở ra hoàn toàn mới mục đích tìm kiếm và đào tạo nguồn nhân lực chất lượng cho Công ty trong tương lai, nên chương trình học rất được đầu tư và không ngừng cải tiến nhằm đảm bảo chất lượng đào tạo là tốt nhất.','2024-08-15',1,21.017707,105.781228,1,'2024-07-08 13:44:42','2024-07-08 13:44:42'),(55,31,3,1,'Thực Tập Sinh Reactjs','Tầng 4, Tòa CT1, Tòa nhà Bắc Hà C14, phố Tố hữu, Phường Trung Văn, Quận Nam Từ Liêm, Thành phố Hà Nội, Việt Nam',1,NULL,NULL,NULL,NULL,'Tham gia phát triển các dự án phần mềm.\n                Thực hiện coding theo các công việc được giao.\n                Công nghệ sử dụng: ReacJS','Sinh viên năm 3, 4 chuyên ngành CNTT, toán tin, khoa học máy tính,... hoặc tương đương.\n                Có thể đi làm fulltime\n                Có tư duy logic tốt\n                Có kiến thức về một trong các ngôn ngữ lập trình hoặc frameworks liên quan\n                Chịu khó học hỏi, đam mê kỹ thuật\n                Có khả năng đọc hiểu tiếng Anh là lợi thế\n                Có tiếng Nhật là lợi thế','Mức lương tính theo giờ: từ 20.000đ - 60.000đ/giờ\n                Được đào tạo các kiến thức cơ bản trước khi vào dự án.\n                Được Training on Job trong các dự án của Khách hàng Nhật\n                Cơ hội lên nhân viên chính thức với nhiều quyền lợi hấp dẫn\n                Tham gia các khóa học nâng cao trình độ chuyên môn qua Portal đào tạo nội bộ hoặc các khóa học trực tiếp với các giảng viên uy tín.\n                Cơ hội làm việc và đào tạo tại Nhật Bản với các ứng viên có tiếng Nhật\n                Làm việc trong môi trường chuyên nghiệp, được hỗ trợ phát huy\n                Được tham gia các câu lạc bộ của công ty: CLB Bóng đá, CLB Game, CLB Beauty, CLUB Dance...\n                Được tham gia các hoạt động tập thể sôi động của công ty: nghỉ mát hàng năm, teambuilding hàng quý, gala cuối năm....','2024-08-15',3,20.972259,105.757399,1,'2024-07-08 13:44:42','2024-07-08 13:44:42'),(56,31,1,2,'IT Comtor (Tiếng Nhật N2)','Tầng 4, Tòa CT1, Tòa nhà Bắc Hà C14, phố Tố hữu, Phường Trung Văn, Quận Nam Từ Liêm, Thành phố Hà Nội, Việt Nam',1,NULL,NULL,NULL,NULL,'Phiên dịch trong các buổi làm việc hàng ngày của dự án với khách hàng Nhật Bản;\n                Dịch văn bản, tài liệu và phiên dịch trong các cuộc họp;\n                Là đầu mối liên hệ giữa Công ty và khách hàng Nhật;\n                Chi tiết trao đổi thêm trong buổi phỏng vấn.','YÊU CẦU CHUNG\n\n                Tiếng Nhật: Trình độ N2 cứng trở lên\n                Có kinh nghiệm tại vị trí communicator từ 1 năm trở lên; ưu tiên khả năng giao tiếp tốt;\n                Có hứng thú, yêu thích làm việc trong ngành IT\n                \n                ƯU TIÊN\n                Ưu tiên ứng viên từng học tập, làm việc tại Nhật Bản\n                \n                YÊU CẦU KHÁC\n                Có tinh thần trách nhiệm cao trong công việc;\n                Có khả năng làm việc độc lập và làm việc theo nhóm;\n                Có khả năng đọc hiểu tiếng Anh là lợi thế.','Mức lương khởi điểm hấp dẫn, cạnh tranh, tương xứng với năng lực và kinh nghiệm làm việc;\n                Thu nhập: 13 tháng lương/năm + thưởng dự án, thưởng Tết và các dịp lễ...;\n                Xét tăng lương 2 lần/năm theo năng lực và hiệu quả công việc;\n                Lương làm thêm giờ theo luật lao động, hỗ trợ đồ ăn OT theo quy định công ty;\n                Làm việc từ thứ 2 - thứ 6 (8h30 - 17h30);\n                Được tham gia BHXH, BHYT, BHTN theo quy định của pháp luật hiện hành;\n                Bảo hiểm chăm sóc sức khỏe 24/24 (Bảo Việt);\n                Khám sức khỏe định kỳ 1 năm/1 lần tại bệnh viện Đại học Y Hà Nội;\n                Nghỉ ốm hưởng nguyên lương tối đa 30 ngày/ năm (có giấy chứng nhận của bệnh viện);\n                Nghỉ sau sinh cho nhân viên nữ có con dưới 1 tuổi: 1h/ngày;\n                Nghỉ sinh lý phụ nữ theo luật lao động hiện hành.\n                Miễn phí đồ uống tại khu ăn uống của công ty;\n                Trợ cấp tiếng Nhật và các chứng chỉ IT liên quan (từ 1000.000 VNĐ - 2.500.000 VNĐ/tháng);','2024-08-15',1,20.972259,105.757399,1,'2024-07-08 13:44:42','2024-07-08 13:44:42'),(57,31,1,2,'Nhân Viên Tư Vấn Tuyển Sinh','Tầng 4, Tòa CT1, Tòa nhà Bắc Hà C14, phố Tố hữu, Phường Trung Văn, Quận Nam Từ Liêm, Thành phố Hà Nội, Việt Nam',2,NULL,NULL,0,NULL,'Tư vấn cho khách hàng theo data của học viện.\n                Tìm kiếm nguồn khách hàng, học viên qua các kênh truyền thông.\n                Tư vấn và giới thiệu cho khách hàng về các khóa học của Codestar.\n                Giải đáp thắc mắc cho khách hàng về các chương trình đào tạo.\n                Xây dựng danh sách khách hàng tiềm năng, thiết lập và xây dựng mối quan hệ tốt với khách hàng\n                Chăm sóc và hỗ trợ khách hàng trong suốt quá trình khách hàng biết đến CodeStar và tham gia học tại CodeStar.\n                Làm Admin các lớp học được phân công.\n                Thực hiện các công việc khác theo sự phân công của Giám đốc.','Có từ 06 tháng kinh nghiệm làm việc tại vị trí tương đương\n                Ưu tiên những bạn đã làm Tư vấn tuyển sinh tại các trung tâm đào tạo CNTT.\n                Chăm chỉ, sẵn sàng làm việc.\n                Trách nhiệm với Công việc cao.\n                Tiếng Việt lưu loát, không nói ngọng.\n                Có khả năng tư vấn, thuyết phục cao.\n                Năng động, tự tin, trung thực, cẩn thận, nhiệt tình.','Xét tăng lương 2 lần/năm theo năng lực và hiệu quả công việc;\n                Làm việc từ thứ 2 - thứ 6 (8h30 - 17h30), 2 ngày thứ 7 trong tháng (8h30 - 17h30);\n                Được tham gia BHXH, BHYT, BHTN theo quy định của pháp luật hiện hành;\n                Khám sức khỏe định kỳ 1 năm/1 lần tại bệnh viện Đại học Y Hà Nội;\n                Nghỉ ốm hưởng nguyên lương tối đa 30 ngày/năm (có giấy chứng nhận của bệnh viện);\n                Nghỉ sau sinh cho nhân viên nữ có con dưới 1 tuổi: 1h/ngày;\n                Miễn phí đồ uống tại khu ăn uống của công ty;\n                Phụ cấp thâm niên; phụ cấp chức vụ;\n                Được tham gia các câu lạc bộ của công ty: CLB Bóng đá, CLB Game, CLB Beauty, CLB Dance...\n                Được tham gia các hoạt động tập thể sôi động của công ty: nghỉ mát hàng năm, teambuilding hàng quý, gala cuối năm....','2024-08-15',1,20.972259,105.757399,1,'2024-07-08 13:44:42','2024-07-08 13:44:42');
/*!40000 ALTER TABLE `jobs` ENABLE KEYS */;
UNLOCK TABLES;

--
-- Table structure for table `jskills`
--

DROP TABLE IF EXISTS `jskills`;
/*!40101 SET @saved_cs_client     = @@character_set_client */;
/*!50503 SET character_set_client = utf8mb4 */;
CREATE TABLE `jskills` (
  `id` bigint unsigned NOT NULL AUTO_INCREMENT,
  `name` varchar(40) COLLATE utf8mb4_unicode_ci NOT NULL,
  PRIMARY KEY (`id`)
) ENGINE=InnoDB DEFAULT CHARSET=utf8mb4 COLLATE=utf8mb4_unicode_ci;
/*!40101 SET character_set_client = @saved_cs_client */;

--
-- Dumping data for table `jskills`
--

LOCK TABLES `jskills` WRITE;
/*!40000 ALTER TABLE `jskills` DISABLE KEYS */;
/*!40000 ALTER TABLE `jskills` ENABLE KEYS */;
UNLOCK TABLES;

--
-- Table structure for table `jtags`
--

DROP TABLE IF EXISTS `jtags`;
/*!40101 SET @saved_cs_client     = @@character_set_client */;
/*!50503 SET character_set_client = utf8mb4 */;
CREATE TABLE `jtags` (
  `id` bigint unsigned NOT NULL AUTO_INCREMENT,
  `name` varchar(80) COLLATE utf8mb4_unicode_ci NOT NULL,
  PRIMARY KEY (`id`)
) ENGINE=InnoDB DEFAULT CHARSET=utf8mb4 COLLATE=utf8mb4_unicode_ci;
/*!40101 SET character_set_client = @saved_cs_client */;

--
-- Dumping data for table `jtags`
--

LOCK TABLES `jtags` WRITE;
/*!40000 ALTER TABLE `jtags` DISABLE KEYS */;
/*!40000 ALTER TABLE `jtags` ENABLE KEYS */;
UNLOCK TABLES;

--
-- Table structure for table `jtypes`
--

DROP TABLE IF EXISTS `jtypes`;
/*!40101 SET @saved_cs_client     = @@character_set_client */;
/*!50503 SET character_set_client = utf8mb4 */;
CREATE TABLE `jtypes` (
  `id` bigint unsigned NOT NULL AUTO_INCREMENT,
  `name` varchar(40) COLLATE utf8mb4_unicode_ci NOT NULL,
  PRIMARY KEY (`id`)
) ENGINE=InnoDB AUTO_INCREMENT=4 DEFAULT CHARSET=utf8mb4 COLLATE=utf8mb4_unicode_ci;
/*!40101 SET character_set_client = @saved_cs_client */;

--
-- Dumping data for table `jtypes`
--

LOCK TABLES `jtypes` WRITE;
/*!40000 ALTER TABLE `jtypes` DISABLE KEYS */;
INSERT INTO `jtypes` VALUES (1,'Toàn thời gian'),(2,'Bán thời gian'),(3,'Thực tập');
/*!40000 ALTER TABLE `jtypes` ENABLE KEYS */;
UNLOCK TABLES;

--
-- Table structure for table `locations`
--

DROP TABLE IF EXISTS `locations`;
/*!40101 SET @saved_cs_client     = @@character_set_client */;
/*!50503 SET character_set_client = utf8mb4 */;
CREATE TABLE `locations` (
  `id` bigint unsigned NOT NULL AUTO_INCREMENT,
  `name` varchar(30) COLLATE utf8mb4_unicode_ci NOT NULL,
  PRIMARY KEY (`id`)
) ENGINE=InnoDB AUTO_INCREMENT=64 DEFAULT CHARSET=utf8mb4 COLLATE=utf8mb4_unicode_ci;
/*!40101 SET character_set_client = @saved_cs_client */;

--
-- Dumping data for table `locations`
--

LOCK TABLES `locations` WRITE;
/*!40000 ALTER TABLE `locations` DISABLE KEYS */;
INSERT INTO `locations` VALUES (1,'Hà Nội'),(2,'Hồ Chí Minh'),(3,'Đà Nẵng'),(4,'Hải Phòng'),(5,'Bắc Giang'),(6,'Bắc Ninh'),(7,'Hưng Yên'),(8,'Hải Dương'),(9,'Bình Định'),(10,'Bình Phước'),(11,'Bình Thuận'),(12,'Cà Mau'),(13,'Cao Bằng'),(14,'Cần Thơ'),(15,'Bạc Liêu'),(16,'Đắk Lắk'),(17,'Đắk Nông'),(18,'Điện Biên'),(19,'Đồng Nai'),(20,'Đồng Tháp'),(21,'Gia Lai'),(22,'Hà Giang'),(23,'Hà Nam'),(24,'An Giang'),(25,'Hà Tĩnh'),(26,'Bình Dương'),(27,'Bắc Kạn'),(28,'Hòa Bình'),(29,'Bà Rịa-Vũng Tàu'),(30,'Hậu Giang'),(31,'Bến Tre'),(32,'Khánh Hòa'),(33,'Kiên Giang'),(34,'Kon Tum'),(35,'Lai Châu'),(36,'Lào Cai'),(37,'Lạng Sơn'),(38,'Lâm Đồng'),(39,'Long An'),(40,'Nam Định'),(41,'Nghệ An'),(42,'Ninh Bình'),(43,'Ninh Thuận'),(44,'Phú Thọ'),(45,'Phú Yên'),(46,'Quảng Bình'),(47,'Quảng Nam'),(48,'Quảng Ngãi'),(49,'Quảng Ninh'),(50,'Quảng Trị'),(51,'Sóc Trăng'),(52,'Sơn La'),(53,'Tây Ninh'),(54,'Thái Bình'),(55,'Thái Nguyên'),(56,'Thanh Hóa'),(57,'Thừa Thiên-Huế'),(58,'Tiền Giang'),(59,'Trà Vinh'),(60,'Tuyên Quang'),(61,'Vĩnh Long'),(62,'Vĩnh Phúc'),(63,'Yên Bái');
/*!40000 ALTER TABLE `locations` ENABLE KEYS */;
UNLOCK TABLES;

--
-- Table structure for table `migrations`
--

DROP TABLE IF EXISTS `migrations`;
/*!40101 SET @saved_cs_client     = @@character_set_client */;
/*!50503 SET character_set_client = utf8mb4 */;
CREATE TABLE `migrations` (
  `id` int unsigned NOT NULL AUTO_INCREMENT,
  `migration` varchar(255) COLLATE utf8mb4_unicode_ci NOT NULL,
  `batch` int NOT NULL,
  PRIMARY KEY (`id`)
) ENGINE=InnoDB AUTO_INCREMENT=1601 DEFAULT CHARSET=utf8mb4 COLLATE=utf8mb4_unicode_ci;
/*!40101 SET character_set_client = @saved_cs_client */;

--
-- Dumping data for table `migrations`
--

LOCK TABLES `migrations` WRITE;
/*!40000 ALTER TABLE `migrations` DISABLE KEYS */;
INSERT INTO `migrations` VALUES (736,'2023_05_18_031155_create-job-tag-table',1),(737,'2023_05_18_031210_create-job-skill-table',1),(849,'2014_10_12_100000_create_password_reset_tokens_table',2),(850,'2019_08_19_000000_create_failed_jobs_table',2),(859,'2023_05_18_015642_create-jtags-table',2),(1571,'2014_10_12_000000_create_users_table',3),(1572,'2019_12_14_000001_create_personal_access_tokens_table',3),(1573,'2023_05_15_105930_create-candidates-table',3),(1574,'2023_05_18_015317_create-employers-table',3),(1575,'2023_05_18_015349_create-jobs-table',3),(1576,'2023_05_18_015455_create-industries-table',3),(1577,'2023_05_18_015519_create-locations-table',3),(1578,'2023_05_18_015540_create-jtypes-table',3),(1579,'2023_05_18_015605_create-jlevels-table',3),(1580,'2023_05_18_015700_create-jskills-table',3),(1581,'2023_05_18_015757_create-job-applying-table',3),(1582,'2023_05_18_020112_create-educations-table',3),(1583,'2023_05_18_020158_create-experiences-table',3),(1584,'2023_05_18_020221_create-projects-table',3),(1585,'2023_05_18_020306_create-skills-table',3),(1586,'2023_05_18_020332_create-certificates-table',3),(1587,'2023_05_18_020356_create-prizes-table',3),(1588,'2023_05_18_020429_create-activities-table',3),(1589,'2023_06_01_020423_create-employer-location-table',3),(1590,'2023_06_01_031704_create-job-industry-table',3),(1591,'2023_06_02_013037_create-job-location-table',3),(1592,'2023_07_14_082259_create_candidate_messages_table',3),(1593,'2023_07_18_155830_create-saved-jobs-table',3),(1594,'2024_01_05_154802_create_others_table',3),(1595,'2024_01_05_155307_create_resumes_table',3),(1596,'2024_04_14_161301_create_candidate_skill_table',3),(1597,'2024_05_02_152830_add_fulltext_index_on_skill_text_columns_to_resumes_table',3),(1598,'2024_05_12_213244_create_candidate_bookmarks_table',3),(1599,'2024_05_16_110423_create_candidate_bookmark_detail_table',3),(1600,'2024_06_25_180822_add_fulltext_index_on_skill_text_columns_to_job_applying_table',3);
/*!40000 ALTER TABLE `migrations` ENABLE KEYS */;
UNLOCK TABLES;

--
-- Table structure for table `others`
--

DROP TABLE IF EXISTS `others`;
/*!40101 SET @saved_cs_client     = @@character_set_client */;
/*!50503 SET character_set_client = utf8mb4 */;
CREATE TABLE `others` (
  `id` bigint unsigned NOT NULL AUTO_INCREMENT,
  `candidate_id` bigint unsigned NOT NULL,
  `resume_id` bigint unsigned DEFAULT NULL,
  `name` varchar(100) COLLATE utf8mb4_unicode_ci DEFAULT NULL,
  `description` text COLLATE utf8mb4_unicode_ci,
  PRIMARY KEY (`id`)
) ENGINE=InnoDB AUTO_INCREMENT=2 DEFAULT CHARSET=utf8mb4 COLLATE=utf8mb4_unicode_ci;
/*!40101 SET character_set_client = @saved_cs_client */;

--
-- Dumping data for table `others`
--

LOCK TABLES `others` WRITE;
/*!40000 ALTER TABLE `others` DISABLE KEYS */;
INSERT INTO `others` VALUES (1,105,5,NULL,NULL);
/*!40000 ALTER TABLE `others` ENABLE KEYS */;
UNLOCK TABLES;

--
-- Table structure for table `password_reset_tokens`
--

DROP TABLE IF EXISTS `password_reset_tokens`;
/*!40101 SET @saved_cs_client     = @@character_set_client */;
/*!50503 SET character_set_client = utf8mb4 */;
CREATE TABLE `password_reset_tokens` (
  `email` varchar(255) COLLATE utf8mb4_unicode_ci NOT NULL,
  `token` varchar(255) COLLATE utf8mb4_unicode_ci NOT NULL,
  `created_at` timestamp NULL DEFAULT NULL,
  PRIMARY KEY (`email`)
) ENGINE=InnoDB DEFAULT CHARSET=utf8mb4 COLLATE=utf8mb4_unicode_ci;
/*!40101 SET character_set_client = @saved_cs_client */;

--
-- Dumping data for table `password_reset_tokens`
--

LOCK TABLES `password_reset_tokens` WRITE;
/*!40000 ALTER TABLE `password_reset_tokens` DISABLE KEYS */;
/*!40000 ALTER TABLE `password_reset_tokens` ENABLE KEYS */;
UNLOCK TABLES;

--
-- Table structure for table `personal_access_tokens`
--

DROP TABLE IF EXISTS `personal_access_tokens`;
/*!40101 SET @saved_cs_client     = @@character_set_client */;
/*!50503 SET character_set_client = utf8mb4 */;
CREATE TABLE `personal_access_tokens` (
  `id` bigint unsigned NOT NULL AUTO_INCREMENT,
  `tokenable_type` varchar(255) COLLATE utf8mb4_unicode_ci NOT NULL,
  `tokenable_id` bigint unsigned NOT NULL,
  `name` varchar(255) COLLATE utf8mb4_unicode_ci NOT NULL,
  `token` varchar(64) COLLATE utf8mb4_unicode_ci NOT NULL,
  `abilities` text COLLATE utf8mb4_unicode_ci,
  `last_used_at` timestamp NULL DEFAULT NULL,
  `expires_at` timestamp NULL DEFAULT NULL,
  `created_at` timestamp NULL DEFAULT NULL,
  `updated_at` timestamp NULL DEFAULT NULL,
  PRIMARY KEY (`id`),
  UNIQUE KEY `personal_access_tokens_token_unique` (`token`),
  KEY `personal_access_tokens_tokenable_type_tokenable_id_index` (`tokenable_type`,`tokenable_id`)
) ENGINE=InnoDB DEFAULT CHARSET=utf8mb4 COLLATE=utf8mb4_unicode_ci;
/*!40101 SET character_set_client = @saved_cs_client */;

--
-- Dumping data for table `personal_access_tokens`
--

LOCK TABLES `personal_access_tokens` WRITE;
/*!40000 ALTER TABLE `personal_access_tokens` DISABLE KEYS */;
/*!40000 ALTER TABLE `personal_access_tokens` ENABLE KEYS */;
UNLOCK TABLES;

--
-- Table structure for table `prizes`
--

DROP TABLE IF EXISTS `prizes`;
/*!40101 SET @saved_cs_client     = @@character_set_client */;
/*!50503 SET character_set_client = utf8mb4 */;
CREATE TABLE `prizes` (
  `id` bigint unsigned NOT NULL AUTO_INCREMENT,
  `candidate_id` bigint unsigned NOT NULL,
  `resume_id` bigint unsigned DEFAULT NULL,
  `name` varchar(100) COLLATE utf8mb4_unicode_ci DEFAULT NULL,
  `receive_date` date DEFAULT NULL,
  `image` text COLLATE utf8mb4_unicode_ci,
  PRIMARY KEY (`id`)
) ENGINE=InnoDB AUTO_INCREMENT=2 DEFAULT CHARSET=utf8mb4 COLLATE=utf8mb4_unicode_ci;
/*!40101 SET character_set_client = @saved_cs_client */;

--
-- Dumping data for table `prizes`
--

LOCK TABLES `prizes` WRITE;
/*!40000 ALTER TABLE `prizes` DISABLE KEYS */;
INSERT INTO `prizes` VALUES (1,105,5,NULL,NULL,NULL);
/*!40000 ALTER TABLE `prizes` ENABLE KEYS */;
UNLOCK TABLES;

--
-- Table structure for table `projects`
--

DROP TABLE IF EXISTS `projects`;
/*!40101 SET @saved_cs_client     = @@character_set_client */;
/*!50503 SET character_set_client = utf8mb4 */;
CREATE TABLE `projects` (
  `id` bigint unsigned NOT NULL AUTO_INCREMENT,
  `candidate_id` bigint unsigned NOT NULL,
  `resume_id` bigint unsigned DEFAULT NULL,
  `name` varchar(100) COLLATE utf8mb4_unicode_ci DEFAULT NULL,
  `prj_type` varchar(60) COLLATE utf8mb4_unicode_ci DEFAULT NULL,
  `role` varchar(100) COLLATE utf8mb4_unicode_ci DEFAULT NULL,
  `technologies` varchar(255) COLLATE utf8mb4_unicode_ci DEFAULT NULL,
  `start_date` date DEFAULT NULL,
  `end_date` date DEFAULT NULL,
  `description` text COLLATE utf8mb4_unicode_ci,
  `link` text COLLATE utf8mb4_unicode_ci,
  PRIMARY KEY (`id`)
) ENGINE=InnoDB AUTO_INCREMENT=55 DEFAULT CHARSET=utf8mb4 COLLATE=utf8mb4_unicode_ci;
/*!40101 SET character_set_client = @saved_cs_client */;

--
-- Dumping data for table `projects`
--

LOCK TABLES `projects` WRITE;
/*!40000 ALTER TABLE `projects` DISABLE KEYS */;
INSERT INTO `projects` VALUES (1,101,NULL,'Website tuyển dụng','Cá nhân',NULL,'ReactJS, Laravel, Bootstrap, Redux','2024-01-10','2024-05-30','Trang web giúp tìm kiếm việc làm và đăng bài tuyển dụng','https://github.com/yopaz-phutv/recruitment_web'),(2,101,NULL,'Shoes Shop','nhóm','Backend','ReactJS, Laravel, Bootstrap','2022-03-20','2022-06-20','Trang web mua bán giày dép','https://github.com/ldhoang201/shoes_store'),(3,102,NULL,'Website tuyển dụng','Cá nhân',NULL,'ReactJS, Laravel, Bootstrap, Redux','2024-01-10','2024-05-30','Trang web giúp tìm kiếm việc làm và đăng bài tuyển dụng','https://github.com/yopaz-phutv/recruitment_web'),(4,102,NULL,'Shoes Shop','nhóm','Backend','ReactJS, Laravel, Bootstrap','2022-03-20','2022-06-20','Trang web mua bán giày dép','https://github.com/ldhoang201/shoes_store'),(5,103,NULL,'Website tuyển dụng','Cá nhân',NULL,'ReactJS, Laravel, Bootstrap, Redux','2024-01-10','2024-05-30','Trang web giúp tìm kiếm việc làm và đăng bài tuyển dụng','https://github.com/yopaz-phutv/recruitment_web'),(6,103,NULL,'Shoes Shop','nhóm','Backend','ReactJS, Laravel, Bootstrap','2022-03-20','2022-06-20','Trang web mua bán giày dép','https://github.com/ldhoang201/shoes_store'),(7,104,NULL,'Shoes Shop','nhóm','Backend','ReactJS, Laravel, Bootstrap','2022-03-20','2022-06-20','Trang web mua bán giày dép','https://github.com/ldhoang201/shoes_store'),(8,105,NULL,'Shoes Shop','nhóm','Backend','ReactJS, Laravel, Bootstrap','2022-03-20','2022-06-20','Trang web mua bán giày dép','https://github.com/ldhoang201/shoes_store'),(9,106,NULL,'Shoes Shop','nhóm','Backend','ReactJS, Laravel, Bootstrap','2022-03-20','2022-06-20','Trang web mua bán giày dép','https://github.com/ldhoang201/shoes_store'),(10,107,NULL,'Shoes Shop','nhóm','Backend','ReactJS, Laravel, Bootstrap','2022-03-20','2022-06-20','Trang web mua bán giày dép','https://github.com/ldhoang201/shoes_store'),(11,108,NULL,'Shoes Shop','nhóm','Backend','ReactJS, Laravel, Bootstrap','2022-03-20','2022-06-20','Trang web mua bán giày dép','https://github.com/ldhoang201/shoes_store'),(12,109,NULL,'Shoes Shop','nhóm','Backend','ReactJS, Laravel, Bootstrap','2022-03-20','2022-06-20','Trang web mua bán giày dép','https://github.com/ldhoang201/shoes_store'),(13,110,NULL,'Shoes Shop','nhóm','Backend','ReactJS, Laravel, Bootstrap','2022-03-20','2022-06-20','Trang web mua bán giày dép','https://github.com/ldhoang201/shoes_store'),(14,111,NULL,'Shoes Shop','nhóm','Backend','ReactJS, Laravel, Bootstrap','2022-03-20','2022-06-20','Trang web mua bán giày dép','https://github.com/ldhoang201/shoes_store'),(15,112,NULL,'Shoes Shop','nhóm','Backend','ReactJS, Laravel, Bootstrap','2022-03-20','2022-06-20','Trang web mua bán giày dép','https://github.com/ldhoang201/shoes_store'),(16,113,NULL,'Shoes Shop','nhóm','Backend','ReactJS, Laravel, Bootstrap','2022-03-20','2022-06-20','Trang web mua bán giày dép','https://github.com/ldhoang201/shoes_store'),(17,114,NULL,'Shoes Shop','nhóm','Backend','ReactJS, Laravel, Bootstrap','2022-03-20','2022-06-20','Trang web mua bán giày dép','https://github.com/ldhoang201/shoes_store'),(18,115,NULL,'Shoes Shop','nhóm','Backend','ReactJS, Laravel, Bootstrap','2022-03-20','2022-06-20','Trang web mua bán giày dép','https://github.com/ldhoang201/shoes_store'),(19,116,NULL,'Shoes Shop','nhóm','Backend','ReactJS, Laravel, Bootstrap','2022-03-20','2022-06-20','Trang web mua bán giày dép','https://github.com/ldhoang201/shoes_store'),(20,117,NULL,'Shoes Shop','nhóm','Backend','ReactJS, Laravel, Bootstrap','2022-03-20','2022-06-20','Trang web mua bán giày dép','https://github.com/ldhoang201/shoes_store'),(21,118,NULL,'Shoes Shop','nhóm','Backend','ReactJS, Laravel, Bootstrap','2022-03-20','2022-06-20','Trang web mua bán giày dép','https://github.com/ldhoang201/shoes_store'),(22,119,NULL,'Shoes Shop','nhóm','Backend','ReactJS, Laravel, Bootstrap','2022-03-20','2022-06-20','Trang web mua bán giày dép','https://github.com/ldhoang201/shoes_store'),(23,128,NULL,'Shoes Shop','nhóm','Backend','ReactJS, Laravel, Bootstrap','2022-03-20','2022-06-20','Trang web mua bán giày dép','https://github.com/ldhoang201/shoes_store'),(24,129,NULL,'Shoes Shop','nhóm','Backend','ReactJS, Laravel, Bootstrap','2022-03-20','2022-06-20','Trang web mua bán giày dép','https://github.com/ldhoang201/shoes_store'),(25,130,NULL,'Shoes Shop','nhóm','Backend','ReactJS, Laravel, Bootstrap','2022-03-20','2022-06-20','Trang web mua bán giày dép','https://github.com/ldhoang201/shoes_store'),(26,131,NULL,'Shoes Shop','nhóm','Backend','ReactJS, Laravel, Bootstrap','2022-03-20','2022-06-20','Trang web mua bán giày dép','https://github.com/ldhoang201/shoes_store'),(27,134,NULL,'Shoes Shop','nhóm','Backend','ReactJS, Laravel, Bootstrap','2022-03-20','2022-06-20','Trang web mua bán giày dép','https://github.com/ldhoang201/shoes_store'),(28,101,1,'Website tuyển dụng','Cá nhân',NULL,'ReactJS, Laravel, Bootstrap, Redux','2024-01-10','2024-05-30','Trang web giúp tìm kiếm việc làm và đăng bài tuyển dụng','https://github.com/yopaz-phutv/recruitment_web'),(29,101,1,'Shoes Shop','nhóm','Backend','ReactJS, Laravel, Bootstrap','2022-03-20','2022-06-20','Trang web mua bán giày dép','https://github.com/ldhoang201/shoes_store'),(30,102,2,'Website tuyển dụng','Cá nhân',NULL,'ReactJS, Laravel, Bootstrap, Redux','2024-01-10','2024-05-30','Trang web giúp tìm kiếm việc làm và đăng bài tuyển dụng','https://github.com/yopaz-phutv/recruitment_web'),(31,102,2,'Shoes Shop','nhóm','Backend','ReactJS, Laravel, Bootstrap','2022-03-20','2022-06-20','Trang web mua bán giày dép','https://github.com/ldhoang201/shoes_store'),(32,103,3,'Website tuyển dụng','Cá nhân',NULL,'ReactJS, Laravel, Bootstrap, Redux','2024-01-10','2024-05-30','Trang web giúp tìm kiếm việc làm và đăng bài tuyển dụng','https://github.com/yopaz-phutv/recruitment_web'),(33,103,3,'Shoes Shop','nhóm','Backend','ReactJS, Laravel, Bootstrap','2022-03-20','2022-06-20','Trang web mua bán giày dép','https://github.com/ldhoang201/shoes_store'),(34,104,4,'Shoes Shop','nhóm','Backend','ReactJS, Laravel, Bootstrap','2022-03-20','2022-06-20','Trang web mua bán giày dép','https://github.com/ldhoang201/shoes_store'),(35,105,5,'Shoes Shop','nhóm','Backend','ReactJS, Laravel, Bootstrap','2022-03-20','2022-06-20','Trang web mua bán giày dép','https://github.com/ldhoang201/shoes_store'),(36,106,6,'Shoes Shop','nhóm','Backend','ReactJS, Laravel, Bootstrap','2022-03-20','2022-06-20','Trang web mua bán giày dép','https://github.com/ldhoang201/shoes_store'),(37,107,7,'Shoes Shop','nhóm','Backend','ReactJS, Laravel, Bootstrap','2022-03-20','2022-06-20','Trang web mua bán giày dép','https://github.com/ldhoang201/shoes_store'),(38,108,8,'Shoes Shop','nhóm','Backend','ReactJS, Laravel, Bootstrap','2022-03-20','2022-06-20','Trang web mua bán giày dép','https://github.com/ldhoang201/shoes_store'),(39,109,9,'Shoes Shop','nhóm','Backend','ReactJS, Laravel, Bootstrap','2022-03-20','2022-06-20','Trang web mua bán giày dép','https://github.com/ldhoang201/shoes_store'),(40,110,10,'Shoes Shop','nhóm','Backend','ReactJS, Laravel, Bootstrap','2022-03-20','2022-06-20','Trang web mua bán giày dép','https://github.com/ldhoang201/shoes_store'),(41,111,11,'Shoes Shop','nhóm','Backend','ReactJS, Laravel, Bootstrap','2022-03-20','2022-06-20','Trang web mua bán giày dép','https://github.com/ldhoang201/shoes_store'),(42,112,12,'Shoes Shop','nhóm','Backend','ReactJS, Laravel, Bootstrap','2022-03-20','2022-06-20','Trang web mua bán giày dép','https://github.com/ldhoang201/shoes_store'),(43,113,13,'Shoes Shop','nhóm','Backend','ReactJS, Laravel, Bootstrap','2022-03-20','2022-06-20','Trang web mua bán giày dép','https://github.com/ldhoang201/shoes_store'),(44,114,14,'Shoes Shop','nhóm','Backend','ReactJS, Laravel, Bootstrap','2022-03-20','2022-06-20','Trang web mua bán giày dép','https://github.com/ldhoang201/shoes_store'),(45,115,15,'Shoes Shop','nhóm','Backend','ReactJS, Laravel, Bootstrap','2022-03-20','2022-06-20','Trang web mua bán giày dép','https://github.com/ldhoang201/shoes_store'),(46,116,16,'Shoes Shop','nhóm','Backend','ReactJS, Laravel, Bootstrap','2022-03-20','2022-06-20','Trang web mua bán giày dép','https://github.com/ldhoang201/shoes_store'),(47,117,17,'Shoes Shop','nhóm','Backend','ReactJS, Laravel, Bootstrap','2022-03-20','2022-06-20','Trang web mua bán giày dép','https://github.com/ldhoang201/shoes_store'),(48,118,18,'Shoes Shop','nhóm','Backend','ReactJS, Laravel, Bootstrap','2022-03-20','2022-06-20','Trang web mua bán giày dép','https://github.com/ldhoang201/shoes_store'),(49,119,19,'Shoes Shop','nhóm','Backend','ReactJS, Laravel, Bootstrap','2022-03-20','2022-06-20','Trang web mua bán giày dép','https://github.com/ldhoang201/shoes_store'),(50,128,28,'Shoes Shop','nhóm','Backend','ReactJS, Laravel, Bootstrap','2022-03-20','2022-06-20','Trang web mua bán giày dép','https://github.com/ldhoang201/shoes_store'),(51,129,29,'Shoes Shop','nhóm','Backend','ReactJS, Laravel, Bootstrap','2022-03-20','2022-06-20','Trang web mua bán giày dép','https://github.com/ldhoang201/shoes_store'),(52,130,30,'Shoes Shop','nhóm','Backend','ReactJS, Laravel, Bootstrap','2022-03-20','2022-06-20','Trang web mua bán giày dép','https://github.com/ldhoang201/shoes_store'),(53,131,31,'Shoes Shop','nhóm','Backend','ReactJS, Laravel, Bootstrap','2022-03-20','2022-06-20','Trang web mua bán giày dép','https://github.com/ldhoang201/shoes_store'),(54,134,34,'Shoes Shop','nhóm','Backend','ReactJS, Laravel, Bootstrap','2022-03-20','2022-06-20','Trang web mua bán giày dép','https://github.com/ldhoang201/shoes_store');
/*!40000 ALTER TABLE `projects` ENABLE KEYS */;
UNLOCK TABLES;

--
-- Table structure for table `resumes`
--

DROP TABLE IF EXISTS `resumes`;
/*!40101 SET @saved_cs_client     = @@character_set_client */;
/*!50503 SET character_set_client = utf8mb4 */;
CREATE TABLE `resumes` (
  `id` bigint unsigned NOT NULL AUTO_INCREMENT,
  `candidate_id` bigint unsigned NOT NULL,
  `template_id` int unsigned DEFAULT NULL,
  `title` varchar(60) COLLATE utf8mb4_unicode_ci DEFAULT NULL,
  `fullname` varchar(100) COLLATE utf8mb4_unicode_ci DEFAULT NULL,
  `gender` tinyint unsigned DEFAULT NULL,
  `dob` date DEFAULT NULL,
  `phone` char(10) COLLATE utf8mb4_unicode_ci DEFAULT NULL,
  `email` varchar(255) COLLATE utf8mb4_unicode_ci DEFAULT NULL,
  `address` varchar(255) COLLATE utf8mb4_unicode_ci DEFAULT NULL,
  `link` text COLLATE utf8mb4_unicode_ci,
  `avatar` text COLLATE utf8mb4_unicode_ci,
  `avatar_url` text COLLATE utf8mb4_unicode_ci,
  `objective` text COLLATE utf8mb4_unicode_ci,
  `personalTitle` varchar(60) COLLATE utf8mb4_unicode_ci DEFAULT NULL,
  `objectiveTitle` varchar(60) COLLATE utf8mb4_unicode_ci DEFAULT NULL,
  `educationTitle` varchar(60) COLLATE utf8mb4_unicode_ci DEFAULT NULL,
  `experienceTitle` varchar(60) COLLATE utf8mb4_unicode_ci DEFAULT NULL,
  `projectTitle` varchar(60) COLLATE utf8mb4_unicode_ci DEFAULT NULL,
  `skillTitle` varchar(60) COLLATE utf8mb4_unicode_ci DEFAULT NULL,
  `certificateTitle` varchar(60) COLLATE utf8mb4_unicode_ci DEFAULT NULL,
  `prizeTitle` varchar(60) COLLATE utf8mb4_unicode_ci DEFAULT NULL,
  `activityTitle` varchar(60) COLLATE utf8mb4_unicode_ci DEFAULT NULL,
  `resume_link` text COLLATE utf8mb4_unicode_ci,
  `parts_order` json DEFAULT NULL,
  `skill_text` text COLLATE utf8mb4_unicode_ci,
  `style` json DEFAULT NULL,
  `created_at` timestamp NULL DEFAULT NULL,
  `updated_at` timestamp NULL DEFAULT NULL,
  PRIMARY KEY (`id`),
  FULLTEXT KEY `skill_ft` (`skill_text`)
) ENGINE=InnoDB AUTO_INCREMENT=35 DEFAULT CHARSET=utf8mb4 COLLATE=utf8mb4_unicode_ci;
/*!40101 SET character_set_client = @saved_cs_client */;

--
-- Dumping data for table `resumes`
--

LOCK TABLES `resumes` WRITE;
/*!40000 ALTER TABLE `resumes` DISABLE KEYS */;
INSERT INTO `resumes` VALUES (1,101,1,'cv-1','Trần Văn Phú',NULL,'2001-01-08','0333333335','tranphudhak@gmail.com','Gia Lâm, Hà Nội','https://github.com/',NULL,NULL,'Lập trình viên Web chuyên nghiệp','Thông tin cá nhân','Mục tiêu nghề nghiệp','Học vấn','Kinh nghiệm làm việc','Dự án','Các kỹ năng','Chứng chỉ','Giải thưởng','Hoạt động','https://drive.google.com/file/d/1AByllX72fhOWi-xcHc6YdSGpzBarBapN/view','[\"personal\", \"objective\", \"skill\", \"certificate\", \"\", \"\", \"education\", \"experience\", \"project\", \"activity\"]','Lập trình Java, PHP, HTML, CSS, JavaScript, jQuery, Bootstrap Cơ sở dữ liệu MySQL, PostGreSQL ','{\"title\": {\"color\": \"#0e849c\", \"fontSize\": \"18px\", \"fontWeight\": \"550\"}, \"content\": {\"fontSize\": \"14px\"}, \"cv-line\": {\"borderColor\": \"#0e849c\", \"borderWidth\": \"3px\", \"borderLeftStyle\": \"solid\"}, \"cv-bg-main\": {\"backgroundColor\": \"#c6e2ff\"}, \"fontFamily\": \"\", \"cv-fullname\": {\"color\": \"#0e849c\", \"fontSize\": \"22px\", \"fontWeight\": \"550\"}, \"cv-text-main\": {\"color\": \"#0e849c\"}, \"personal-icon\": {\"color\": \"#0e849c\"}}','2024-07-08 13:45:53','2024-07-08 13:45:58'),(2,102,1,'cv-2','Trần Mai Lan',NULL,'2001-01-08','0333333335','tranphudhak@gmail.com','Gia Lâm, Hà Nội','https://github.com/',NULL,NULL,'Lập trình viên Web chuyên nghiệp','Thông tin cá nhân','Mục tiêu nghề nghiệp','Học vấn','Kinh nghiệm làm việc','Dự án','Các kỹ năng','Chứng chỉ','Giải thưởng','Hoạt động','https://drive.google.com/file/d/18N5jd2RMwjn4u19FA0UfCE7IfNFlLXgo/view','[\"personal\", \"objective\", \"skill\", \"certificate\", \"\", \"\", \"education\", \"experience\", \"project\", \"activity\"]','Lập trình Java, PHP, HTML, CSS, JavaScript, jQuery, Bootstrap Cơ sở dữ liệu MySQL, PostGreSQL ','{\"title\": {\"color\": \"#0e849c\", \"fontSize\": \"18px\", \"fontWeight\": \"550\"}, \"content\": {\"fontSize\": \"14px\"}, \"cv-line\": {\"borderColor\": \"#0e849c\", \"borderWidth\": \"3px\", \"borderLeftStyle\": \"solid\"}, \"cv-bg-main\": {\"backgroundColor\": \"#c6e2ff\"}, \"fontFamily\": \"\", \"cv-fullname\": {\"color\": \"#0e849c\", \"fontSize\": \"22px\", \"fontWeight\": \"550\"}, \"cv-text-main\": {\"color\": \"#0e849c\"}, \"personal-icon\": {\"color\": \"#0e849c\"}}','2024-07-08 13:46:59','2024-07-08 13:47:04'),(3,103,1,'cv-3','Trần Văn B',NULL,'2001-01-08','0333333335','tranphudhak@gmail.com','Gia Lâm, Hà Nội','https://github.com/',NULL,NULL,'Lập trình viên Web chuyên nghiệp','Thông tin cá nhân','Mục tiêu nghề nghiệp','Học vấn','Kinh nghiệm làm việc','Dự án','Các kỹ năng','Chứng chỉ','Giải thưởng','Hoạt động','https://drive.google.com/file/d/1RS1fuYfkxyXHJ6oQyfquS3oV2zMjZA5F/view','[\"personal\", \"objective\", \"skill\", \"certificate\", \"\", \"\", \"education\", \"experience\", \"project\", \"activity\"]','Lập trình Java, PHP, HTML, CSS, JavaScript, jQuery, Bootstrap Cơ sở dữ liệu MySQL, PostGreSQL ','{\"title\": {\"color\": \"#0e849c\", \"fontSize\": \"18px\", \"fontWeight\": \"550\"}, \"content\": {\"fontSize\": \"14px\"}, \"cv-line\": {\"borderColor\": \"#0e849c\", \"borderWidth\": \"3px\", \"borderLeftStyle\": \"solid\"}, \"cv-bg-main\": {\"backgroundColor\": \"#c6e2ff\"}, \"fontFamily\": \"\", \"cv-fullname\": {\"color\": \"#0e849c\", \"fontSize\": \"22px\", \"fontWeight\": \"550\"}, \"cv-text-main\": {\"color\": \"#0e849c\"}, \"personal-icon\": {\"color\": \"#0e849c\"}}','2024-07-08 13:47:52','2024-07-08 13:47:58'),(4,104,1,'cv-4','Trần Mai Phương',NULL,'1997-01-08','0333333335','tranphudhak@gmail.com','Gia Lâm, Hà Nội','https://github.com/',NULL,NULL,'Lập trình viên Web chuyên nghiệp','Thông tin cá nhân','Mục tiêu nghề nghiệp','Học vấn','Kinh nghiệm làm việc','Dự án','Các kỹ năng','Chứng chỉ','Giải thưởng','Hoạt động','https://drive.google.com/file/d/1BEn0EyrHFl3-vP7Ju-I7xX-KDaOu85MG/view','[\"personal\", \"objective\", \"skill\", \"certificate\", \"\", \"\", \"education\", \"experience\", \"project\", \"activity\"]','Lập trình Java, PHP, Laravel, HTML, CSS, JavaScript, jQuery, ReactJS, Bootstrap Cơ sở dữ liệu MySQL, PostGreSQL ','{\"title\": {\"color\": \"#0e849c\", \"fontSize\": \"18px\", \"fontWeight\": \"550\"}, \"content\": {\"fontSize\": \"14px\"}, \"cv-line\": {\"borderColor\": \"#0e849c\", \"borderWidth\": \"3px\", \"borderLeftStyle\": \"solid\"}, \"cv-bg-main\": {\"backgroundColor\": \"#c6e2ff\"}, \"fontFamily\": \"\", \"cv-fullname\": {\"color\": \"#0e849c\", \"fontSize\": \"22px\", \"fontWeight\": \"550\"}, \"cv-text-main\": {\"color\": \"#0e849c\"}, \"personal-icon\": {\"color\": \"#0e849c\"}}','2024-07-08 13:48:41','2024-07-08 13:48:48'),(5,105,1,'cv-5','Trần Văn Du',NULL,'1998-01-08','0333333335','tranphudhak@gmail.com','Gia Lâm, Hà Nội','https://github.com/',NULL,NULL,'Lập trình viên Web chuyên nghiệp','Thông tin cá nhân','Mục tiêu nghề nghiệp','Học vấn','Kinh nghiệm làm việc','Dự án','Các kỹ năng','Chứng chỉ','Giải thưởng','Hoạt động','https://drive.google.com/file/d/1dEWYUw-Y1ZK40KF9cRXwoMwkzUfK6lYE/view','[\"personal\", \"objective\", \"skill\", \"certificate\", \"\", \"\", \"education\", \"experience\", \"project\", \"activity\"]','Lập trình Java, PHP, Laravel, HTML, CSS, JavaScript, jQuery, ReactJS, Bootstrap Cơ sở dữ liệu MySQL, PostGreSQL ','{\"title\": {\"color\": \"#0e849c\", \"fontSize\": \"18px\", \"fontWeight\": \"550\"}, \"content\": {\"fontSize\": \"14px\"}, \"cv-line\": {\"borderColor\": \"#0e849c\", \"borderWidth\": \"3px\", \"borderLeftStyle\": \"solid\"}, \"cv-bg-main\": {\"backgroundColor\": \"#c6e2ff\"}, \"fontFamily\": \"\", \"cv-fullname\": {\"color\": \"#0e849c\", \"fontSize\": \"22px\", \"fontWeight\": \"550\"}, \"cv-text-main\": {\"color\": \"#0e849c\"}, \"personal-icon\": {\"color\": \"#0e849c\"}}','2024-07-08 13:49:23','2024-07-08 13:49:57'),(6,106,1,'cv-6','Trần Văn Em',NULL,'2001-01-08','0333333335','tranphudhak@gmail.com','Gia Lâm, Hà Nội','https://github.com/',NULL,NULL,'Lập trình viên Web chuyên nghiệp','Thông tin cá nhân','Mục tiêu nghề nghiệp','Học vấn','Kinh nghiệm làm việc','Dự án','Các kỹ năng','Chứng chỉ','Giải thưởng','Hoạt động','https://drive.google.com/file/d/14L_cSYGAg63RyGEEhNhXHyadGKkCmmmI/view','[\"personal\", \"objective\", \"skill\", \"certificate\", \"\", \"\", \"education\", \"experience\", \"project\", \"activity\"]','Lập trình Java, PHP, Laravel, HTML, CSS, JavaScript, jQuery, ReactJS, Bootstrap Cơ sở dữ liệu MySQL, PostGreSQL ','{\"title\": {\"color\": \"#0e849c\", \"fontSize\": \"18px\", \"fontWeight\": \"550\"}, \"content\": {\"fontSize\": \"14px\"}, \"cv-line\": {\"borderColor\": \"#0e849c\", \"borderWidth\": \"3px\", \"borderLeftStyle\": \"solid\"}, \"cv-bg-main\": {\"backgroundColor\": \"#c6e2ff\"}, \"fontFamily\": \"\", \"cv-fullname\": {\"color\": \"#0e849c\", \"fontSize\": \"22px\", \"fontWeight\": \"550\"}, \"cv-text-main\": {\"color\": \"#0e849c\"}, \"personal-icon\": {\"color\": \"#0e849c\"}}','2024-07-08 13:50:44','2024-07-08 13:50:49'),(7,107,1,'cv-7','Trần Văn Phượng',NULL,'1997-01-08','0333333335','tranphudhak@gmail.com','Gia Lâm, Hà Nội','https://github.com/',NULL,NULL,'Lập trình viên Web chuyên nghiệp','Thông tin cá nhân','Mục tiêu nghề nghiệp','Học vấn','Kinh nghiệm làm việc','Dự án','Các kỹ năng','Chứng chỉ','Giải thưởng','Hoạt động','https://drive.google.com/file/d/1dihTYOppFXZuFjtBwAzbuEwHWJ1n9Ol3/view','[\"personal\", \"objective\", \"skill\", \"certificate\", \"\", \"\", \"education\", \"experience\", \"project\", \"activity\"]','Lập trình Java, PHP, HTML, CSS, JavaScript, jQuery, ReactJS Cơ sở dữ liệu PostGreSQL ','{\"title\": {\"color\": \"#0e849c\", \"fontSize\": \"18px\", \"fontWeight\": \"550\"}, \"content\": {\"fontSize\": \"14px\"}, \"cv-line\": {\"borderColor\": \"#0e849c\", \"borderWidth\": \"3px\", \"borderLeftStyle\": \"solid\"}, \"cv-bg-main\": {\"backgroundColor\": \"#c6e2ff\"}, \"fontFamily\": \"\", \"cv-fullname\": {\"color\": \"#0e849c\", \"fontSize\": \"22px\", \"fontWeight\": \"550\"}, \"cv-text-main\": {\"color\": \"#0e849c\"}, \"personal-icon\": {\"color\": \"#0e849c\"}}','2024-07-08 13:51:32','2024-07-08 13:51:37'),(8,108,1,'cv-8','Trần Văn Giáp',NULL,'2001-01-08','0333333335','tranphudhak@gmail.com','Gia Lâm, Hà Nội','https://github.com/',NULL,NULL,'Lập trình viên Web chuyên nghiệp','Thông tin cá nhân','Mục tiêu nghề nghiệp','Học vấn','Kinh nghiệm làm việc','Dự án','Các kỹ năng','Chứng chỉ','Giải thưởng','Hoạt động','https://drive.google.com/file/d/1C-V-EMAZtNP-4ovFstSR8z5mNdtUEQtX/view','[\"personal\", \"objective\", \"skill\", \"certificate\", \"\", \"\", \"education\", \"experience\", \"project\", \"activity\"]','Lập trình Java, PHP, HTML, CSS, JavaScript, jQuery, ReactJS Cơ sở dữ liệu PostGreSQL ','{\"title\": {\"color\": \"#0e849c\", \"fontSize\": \"18px\", \"fontWeight\": \"550\"}, \"content\": {\"fontSize\": \"14px\"}, \"cv-line\": {\"borderColor\": \"#0e849c\", \"borderWidth\": \"3px\", \"borderLeftStyle\": \"solid\"}, \"cv-bg-main\": {\"backgroundColor\": \"#c6e2ff\"}, \"fontFamily\": \"\", \"cv-fullname\": {\"color\": \"#0e849c\", \"fontSize\": \"22px\", \"fontWeight\": \"550\"}, \"cv-text-main\": {\"color\": \"#0e849c\"}, \"personal-icon\": {\"color\": \"#0e849c\"}}','2024-07-08 13:52:13','2024-07-08 13:52:18'),(9,109,1,'cv-9','Trần Mai Hằng',NULL,'2001-01-08','0333333335','tranphudhak@gmail.com','Gia Lâm, Hà Nội','https://github.com/',NULL,NULL,'Lập trình viên Web chuyên nghiệp','Thông tin cá nhân','Mục tiêu nghề nghiệp','Học vấn','Kinh nghiệm làm việc','Dự án','Các kỹ năng','Chứng chỉ','Giải thưởng','Hoạt động','https://drive.google.com/file/d/1luQeoSK8EbDTXpm6didJZ2_5I6vQQKup/view','[\"personal\", \"objective\", \"skill\", \"certificate\", \"\", \"\", \"education\", \"experience\", \"project\", \"activity\"]','Lập trình Java, PHP, HTML, CSS, JavaScript, jQuery, ReactJS, Bootstrap Cơ sở dữ liệu MySQL, PostGreSQL ','{\"title\": {\"color\": \"#0e849c\", \"fontSize\": \"18px\", \"fontWeight\": \"550\"}, \"content\": {\"fontSize\": \"14px\"}, \"cv-line\": {\"borderColor\": \"#0e849c\", \"borderWidth\": \"3px\", \"borderLeftStyle\": \"solid\"}, \"cv-bg-main\": {\"backgroundColor\": \"#c6e2ff\"}, \"fontFamily\": \"\", \"cv-fullname\": {\"color\": \"#0e849c\", \"fontSize\": \"22px\", \"fontWeight\": \"550\"}, \"cv-text-main\": {\"color\": \"#0e849c\"}, \"personal-icon\": {\"color\": \"#0e849c\"}}','2024-07-08 13:52:52','2024-07-08 13:52:57'),(10,110,1,'cv-10','Trần Văn Nam',NULL,'2001-01-08','0333333335','tranphudhak@gmail.com','Gia Lâm, Hà Nội','https://github.com/',NULL,NULL,'Lập trình viên Web chuyên nghiệp','Thông tin cá nhân','Mục tiêu nghề nghiệp','Học vấn','Kinh nghiệm làm việc','Dự án','Các kỹ năng','Chứng chỉ','Giải thưởng','Hoạt động','https://drive.google.com/file/d/15gLR3rE7Gr2_Bec6RwJ8muZx6UKU84JG/view','[\"personal\", \"objective\", \"skill\", \"certificate\", \"\", \"\", \"education\", \"experience\", \"project\", \"activity\"]','Lập trình Java, PHP, HTML, CSS, JavaScript, jQuery, ReactJS, Bootstrap Cơ sở dữ liệu MySQL, PostGreSQL ','{\"title\": {\"color\": \"#0e849c\", \"fontSize\": \"18px\", \"fontWeight\": \"550\"}, \"content\": {\"fontSize\": \"14px\"}, \"cv-line\": {\"borderColor\": \"#0e849c\", \"borderWidth\": \"3px\", \"borderLeftStyle\": \"solid\"}, \"cv-bg-main\": {\"backgroundColor\": \"#c6e2ff\"}, \"fontFamily\": \"\", \"cv-fullname\": {\"color\": \"#0e849c\", \"fontSize\": \"22px\", \"fontWeight\": \"550\"}, \"cv-text-main\": {\"color\": \"#0e849c\"}, \"personal-icon\": {\"color\": \"#0e849c\"}}','2024-07-08 13:53:36','2024-07-08 13:53:41'),(11,111,1,'cv-11','Trần Văn Ba',NULL,'2001-01-08','0333333335','tranphudhak@gmail.com','Gia Lâm, Hà Nội','https://github.com/',NULL,NULL,'Lập trình viên Web chuyên nghiệp','Thông tin cá nhân','Mục tiêu nghề nghiệp','Học vấn','Kinh nghiệm làm việc','Dự án','Các kỹ năng','Chứng chỉ','Giải thưởng','Hoạt động','https://drive.google.com/file/d/1fttDQVlElLQdGhf8R8j5_4R_aMs3LPvj/view','[\"personal\", \"objective\", \"skill\", \"certificate\", \"\", \"\", \"education\", \"experience\", \"project\", \"activity\"]','Lập trình Java, PHP, HTML, CSS, JavaScript, jQuery, ReactJS, Bootstrap Cơ sở dữ liệu MySQL, PostGreSQL ','{\"title\": {\"color\": \"#0e849c\", \"fontSize\": \"18px\", \"fontWeight\": \"550\"}, \"content\": {\"fontSize\": \"14px\"}, \"cv-line\": {\"borderColor\": \"#0e849c\", \"borderWidth\": \"3px\", \"borderLeftStyle\": \"solid\"}, \"cv-bg-main\": {\"backgroundColor\": \"#c6e2ff\"}, \"fontFamily\": \"\", \"cv-fullname\": {\"color\": \"#0e849c\", \"fontSize\": \"22px\", \"fontWeight\": \"550\"}, \"cv-text-main\": {\"color\": \"#0e849c\"}, \"personal-icon\": {\"color\": \"#0e849c\"}}','2024-07-08 13:54:27','2024-07-08 13:54:32'),(12,112,1,'cv-12','Nguyễn Thị An',NULL,'2001-01-08','0333333335','tranphudhak@gmail.com','Gia Lâm, Hà Nội','https://github.com/',NULL,NULL,'Lập trình viên Web chuyên nghiệp','Thông tin cá nhân','Mục tiêu nghề nghiệp','Học vấn','Kinh nghiệm làm việc','Dự án','Các kỹ năng','Chứng chỉ','Giải thưởng','Hoạt động','https://drive.google.com/file/d/1eGjC_njkagXaYFGjskzY8SPgaT7SJUfT/view','[\"personal\", \"objective\", \"skill\", \"certificate\", \"\", \"\", \"education\", \"experience\", \"project\", \"activity\"]','Lập trình PHP, Laravel, HTML, SCSS, JavaScript, jQuery, ReactJS, Tailwind Cơ sở dữ liệu MySQL, PostGreSQL ','{\"title\": {\"color\": \"#0e849c\", \"fontSize\": \"18px\", \"fontWeight\": \"550\"}, \"content\": {\"fontSize\": \"14px\"}, \"cv-line\": {\"borderColor\": \"#0e849c\", \"borderWidth\": \"3px\", \"borderLeftStyle\": \"solid\"}, \"cv-bg-main\": {\"backgroundColor\": \"#c6e2ff\"}, \"fontFamily\": \"\", \"cv-fullname\": {\"color\": \"#0e849c\", \"fontSize\": \"22px\", \"fontWeight\": \"550\"}, \"cv-text-main\": {\"color\": \"#0e849c\"}, \"personal-icon\": {\"color\": \"#0e849c\"}}','2024-07-08 13:55:38','2024-07-08 13:55:43'),(13,113,1,'cv-13','Nguyễn Văn Bôn',NULL,'2001-01-08','0333333335','tranphudhak@gmail.com','Gia Lâm, Hà Nội','https://github.com/',NULL,NULL,'Lập trình viên Web chuyên nghiệp','Thông tin cá nhân','Mục tiêu nghề nghiệp','Học vấn','Kinh nghiệm làm việc','Dự án','Các kỹ năng','Chứng chỉ','Giải thưởng','Hoạt động','https://drive.google.com/file/d/1cVQ4LYVbGHpFM35Vv6Ai_Z68EK9Wj3c9/view','[\"personal\", \"objective\", \"skill\", \"certificate\", \"\", \"\", \"education\", \"experience\", \"project\", \"activity\"]','Lập trình PHP, Laravel, HTML, SCSS, JavaScript, jQuery, ReactJS, Tailwind Cơ sở dữ liệu MySQL, PostGreSQL ','{\"title\": {\"color\": \"#0e849c\", \"fontSize\": \"18px\", \"fontWeight\": \"550\"}, \"content\": {\"fontSize\": \"14px\"}, \"cv-line\": {\"borderColor\": \"#0e849c\", \"borderWidth\": \"3px\", \"borderLeftStyle\": \"solid\"}, \"cv-bg-main\": {\"backgroundColor\": \"#c6e2ff\"}, \"fontFamily\": \"\", \"cv-fullname\": {\"color\": \"#0e849c\", \"fontSize\": \"22px\", \"fontWeight\": \"550\"}, \"cv-text-main\": {\"color\": \"#0e849c\"}, \"personal-icon\": {\"color\": \"#0e849c\"}}','2024-07-08 13:56:23','2024-07-08 13:56:28'),(14,114,1,'cv-14','Nguyễn Văn Chung',NULL,'2001-01-08','0333333335','tranphudhak@gmail.com','Gia Lâm, Hà Nội','https://github.com/',NULL,NULL,'Lập trình viên Web chuyên nghiệp','Thông tin cá nhân','Mục tiêu nghề nghiệp','Học vấn','Kinh nghiệm làm việc','Dự án','Các kỹ năng','Chứng chỉ','Giải thưởng','Hoạt động','https://drive.google.com/file/d/1AP1qoe0ptbUe0NKK9TyMM7R50u2vosrY/view','[\"personal\", \"objective\", \"skill\", \"certificate\", \"\", \"\", \"education\", \"experience\", \"project\", \"activity\"]','Lập trình PHP, Laravel, HTML, SCSS, JavaScript, jQuery, ReactJS, VueJS, Bootstrap, Tailwind Cơ sở dữ liệu MySQL, PostGreSQL ','{\"title\": {\"color\": \"#0e849c\", \"fontSize\": \"18px\", \"fontWeight\": \"550\"}, \"content\": {\"fontSize\": \"14px\"}, \"cv-line\": {\"borderColor\": \"#0e849c\", \"borderWidth\": \"3px\", \"borderLeftStyle\": \"solid\"}, \"cv-bg-main\": {\"backgroundColor\": \"#c6e2ff\"}, \"fontFamily\": \"\", \"cv-fullname\": {\"color\": \"#0e849c\", \"fontSize\": \"22px\", \"fontWeight\": \"550\"}, \"cv-text-main\": {\"color\": \"#0e849c\"}, \"personal-icon\": {\"color\": \"#0e849c\"}}','2024-07-08 13:57:28','2024-07-08 13:57:33'),(15,115,1,'cv-15','Nguyễn Thị Diệu',NULL,'2001-01-08','0333333335','tranphudhak@gmail.com','Gia Lâm, Hà Nội','https://github.com/',NULL,NULL,'Lập trình viên Web chuyên nghiệp','Thông tin cá nhân','Mục tiêu nghề nghiệp','Học vấn','Kinh nghiệm làm việc','Dự án','Các kỹ năng','Chứng chỉ','Giải thưởng','Hoạt động','https://drive.google.com/file/d/1flIShZFpeTr6T0UHbeaROEAV7UqVY2im/view','[\"personal\", \"objective\", \"skill\", \"certificate\", \"\", \"\", \"education\", \"experience\", \"project\", \"activity\"]','Lập trình PHP, Laravel, HTML, SCSS, JavaScript, jQuery, ReactJS, VueJS, Bootstrap, Tailwind Cơ sở dữ liệu MySQL, PostGreSQL ','{\"title\": {\"color\": \"#0e849c\", \"fontSize\": \"18px\", \"fontWeight\": \"550\"}, \"content\": {\"fontSize\": \"14px\"}, \"cv-line\": {\"borderColor\": \"#0e849c\", \"borderWidth\": \"3px\", \"borderLeftStyle\": \"solid\"}, \"cv-bg-main\": {\"backgroundColor\": \"#c6e2ff\"}, \"fontFamily\": \"\", \"cv-fullname\": {\"color\": \"#0e849c\", \"fontSize\": \"22px\", \"fontWeight\": \"550\"}, \"cv-text-main\": {\"color\": \"#0e849c\"}, \"personal-icon\": {\"color\": \"#0e849c\"}}','2024-07-08 13:58:09','2024-07-08 13:58:14'),(16,116,1,'cv-16','Nguyễn Văn Khải',NULL,'2001-01-08','0333333335','tranphudhak@gmail.com','Gia Lâm, Hà Nội','https://github.com/',NULL,NULL,'Lập trình viên Web chuyên nghiệp','Thông tin cá nhân','Mục tiêu nghề nghiệp','Học vấn','Kinh nghiệm làm việc','Dự án','Các kỹ năng','Chứng chỉ','Giải thưởng','Hoạt động','https://drive.google.com/file/d/1Jqr0v8jk4B6KLVWA51teAlEPmqIW3SOw/view','[\"personal\", \"objective\", \"skill\", \"certificate\", \"\", \"\", \"education\", \"experience\", \"project\", \"activity\"]','Lập trình PHP, Laravel, HTML, SCSS, JavaScript, VueJS, Bootstrap Cơ sở dữ liệu PostGreSQL ','{\"title\": {\"color\": \"#0e849c\", \"fontSize\": \"18px\", \"fontWeight\": \"550\"}, \"content\": {\"fontSize\": \"14px\"}, \"cv-line\": {\"borderColor\": \"#0e849c\", \"borderWidth\": \"3px\", \"borderLeftStyle\": \"solid\"}, \"cv-bg-main\": {\"backgroundColor\": \"#c6e2ff\"}, \"cv-fullname\": {\"color\": \"#0e849c\", \"fontSize\": \"22px\", \"fontWeight\": \"550\"}, \"cv-text-main\": {\"color\": \"#0e849c\"}, \"personal-icon\": {\"color\": \"#0e849c\"}}','2024-07-08 14:00:28','2024-07-08 14:00:33'),(17,117,1,'cv-17','Nguyễn Văn Khang',NULL,'2001-01-08','0333333335','tranphudhak@gmail.com','Gia Lâm, Hà Nội','https://github.com/',NULL,NULL,'Lập trình viên Web chuyên nghiệp','Thông tin cá nhân','Mục tiêu nghề nghiệp','Học vấn','Kinh nghiệm làm việc','Dự án','Các kỹ năng','Chứng chỉ','Giải thưởng','Hoạt động','https://drive.google.com/file/d/1FWxOO5z4yF_bN-69UbmJp9pIMgXTjA0Z/view','[\"personal\", \"objective\", \"skill\", \"certificate\", \"\", \"\", \"education\", \"experience\", \"project\", \"activity\"]','Lập trình PHP, Laravel, HTML, SCSS, JavaScript, VueJS, Bootstrap Cơ sở dữ liệu MySQL, PostGreSQL ','{\"title\": {\"color\": \"#0e849c\", \"fontSize\": \"18px\", \"fontWeight\": \"550\"}, \"content\": {\"fontSize\": \"14px\"}, \"cv-line\": {\"borderColor\": \"#0e849c\", \"borderWidth\": \"3px\", \"borderLeftStyle\": \"solid\"}, \"cv-bg-main\": {\"backgroundColor\": \"#c6e2ff\"}, \"fontFamily\": \"\", \"cv-fullname\": {\"color\": \"#0e849c\", \"fontSize\": \"22px\", \"fontWeight\": \"550\"}, \"cv-text-main\": {\"color\": \"#0e849c\"}, \"personal-icon\": {\"color\": \"#0e849c\"}}','2024-07-08 14:01:12','2024-07-08 14:01:19'),(18,118,1,'cv-18','Nguyễn Thị Dung',NULL,'2001-01-08','0333333335','tranphudhak@gmail.com','Gia Lâm, Hà Nội','https://github.com/',NULL,NULL,'Lập trình viên Web chuyên nghiệp','Thông tin cá nhân','Mục tiêu nghề nghiệp','Học vấn','Kinh nghiệm làm việc','Dự án','Các kỹ năng','Chứng chỉ','Giải thưởng','Hoạt động','https://drive.google.com/file/d/1yOdLfF40adj75q0yj0Pr4ylSu7_D4mG-/view','[\"personal\", \"objective\", \"skill\", \"certificate\", \"\", \"\", \"education\", \"experience\", \"project\", \"activity\"]','Lập trình PHP, Laravel, HTML, SCSS, JavaScript, jQuery, ReactJS, VueJS, Bootstrap, Tailwind Cơ sở dữ liệu MySQL, PostGreSQL ','{\"title\": {\"color\": \"#0e849c\", \"fontSize\": \"18px\", \"fontWeight\": \"550\"}, \"content\": {\"fontSize\": \"14px\"}, \"cv-line\": {\"borderColor\": \"#0e849c\", \"borderWidth\": \"3px\", \"borderLeftStyle\": \"solid\"}, \"cv-bg-main\": {\"backgroundColor\": \"#c6e2ff\"}, \"fontFamily\": \"\", \"cv-fullname\": {\"color\": \"#0e849c\", \"fontSize\": \"22px\", \"fontWeight\": \"550\"}, \"cv-text-main\": {\"color\": \"#0e849c\"}, \"personal-icon\": {\"color\": \"#0e849c\"}}','2024-07-08 14:01:52','2024-07-08 14:01:57'),(19,119,1,'cv-19','Nguyễn Văn Hoàng',NULL,'2001-01-08','0333333335','tranphudhak@gmail.com','Gia Lâm, Hà Nội','https://github.com/',NULL,NULL,'Lập trình viên Web chuyên nghiệp','Thông tin cá nhân','Mục tiêu nghề nghiệp','Học vấn','Kinh nghiệm làm việc','Dự án','Các kỹ năng','Chứng chỉ','Giải thưởng','Hoạt động','https://drive.google.com/file/d/1f5I5H5ywQ-UPF9M4sR7Nq-SZbush6y0z/view','[\"personal\", \"objective\", \"skill\", \"certificate\", \"\", \"\", \"education\", \"experience\", \"project\", \"activity\"]','Lập trình PHP, Laravel, HTML, SCSS, JavaScript, jQuery, ReactJS, VueJS, Bootstrap, Tailwind Cơ sở dữ liệu MySQL, PostGreSQL ','{\"title\": {\"color\": \"#0e849c\", \"fontSize\": \"18px\", \"fontWeight\": \"550\"}, \"content\": {\"fontSize\": \"14px\"}, \"cv-line\": {\"borderColor\": \"#0e849c\", \"borderWidth\": \"3px\", \"borderLeftStyle\": \"solid\"}, \"cv-bg-main\": {\"backgroundColor\": \"#c6e2ff\"}, \"fontFamily\": \"\", \"cv-fullname\": {\"color\": \"#0e849c\", \"fontSize\": \"22px\", \"fontWeight\": \"550\"}, \"cv-text-main\": {\"color\": \"#0e849c\"}, \"personal-icon\": {\"color\": \"#0e849c\"}}','2024-07-08 14:02:56','2024-07-08 14:03:01'),(20,120,1,'cv-20','Phạm Văn Ân',NULL,'2001-01-08','0333333335','tranphudhak@gmail.com','Gia Lâm, Hà Nội','https://github.com/',NULL,NULL,'Chuyên viên tuyển dụng chuyên nghiệp','Thông tin cá nhân','Mục tiêu nghề nghiệp','Học vấn','Kinh nghiệm làm việc','Dự án','Các kỹ năng','Chứng chỉ','Giải thưởng','Hoạt động','https://drive.google.com/file/d/1KpWwLc5EkXEdpSOcoEBK2L7RjVSUtVVJ/view','[\"personal\", \"objective\", \"skill\", \"certificate\", \"\", \"\", \"education\", \"experience\", \"\", \"activity\"]','Kỹ năng chuyên môn - Giao tiếp, xử lý tình huống, quản lý thời gian Kỹ năng khác Tiếng Anh, tiếng Nhật ','{\"title\": {\"color\": \"#0e849c\", \"fontSize\": \"18px\", \"fontWeight\": \"550\"}, \"content\": {\"fontSize\": \"14px\"}, \"cv-line\": {\"borderColor\": \"#0e849c\", \"borderWidth\": \"3px\", \"borderLeftStyle\": \"solid\"}, \"cv-bg-main\": {\"backgroundColor\": \"#c6e2ff\"}, \"fontFamily\": \"\", \"cv-fullname\": {\"color\": \"#0e849c\", \"fontSize\": \"22px\", \"fontWeight\": \"550\"}, \"cv-text-main\": {\"color\": \"#0e849c\"}, \"personal-icon\": {\"color\": \"#0e849c\"}}','2024-07-08 14:03:35','2024-07-08 14:03:40'),(21,121,1,'cv-21','Phạm Thị Bưởi',NULL,'2001-01-08','0333333335','tranphudhak@gmail.com','Gia Lâm, Hà Nội','https://github.com/',NULL,NULL,'Chuyên viên tuyển dụng chuyên nghiệp','Thông tin cá nhân','Mục tiêu nghề nghiệp','Học vấn','Kinh nghiệm làm việc','Dự án','Các kỹ năng','Chứng chỉ','Giải thưởng','Hoạt động','https://drive.google.com/file/d/14u1g7AcWX5oCf6sFQpynYqCImuHBzJK_/view','[\"personal\", \"objective\", \"skill\", \"certificate\", \"\", \"\", \"education\", \"experience\", \"\", \"activity\"]','Kỹ năng chuyên môn - Giao tiếp, xử lý tình huống, quản lý thời gian Kỹ năng khác Tiếng Anh, tiếng Nhật ','{\"title\": {\"color\": \"#0e849c\", \"fontSize\": \"18px\", \"fontWeight\": \"550\"}, \"content\": {\"fontSize\": \"14px\"}, \"cv-line\": {\"borderColor\": \"#0e849c\", \"borderWidth\": \"3px\", \"borderLeftStyle\": \"solid\"}, \"cv-bg-main\": {\"backgroundColor\": \"#c6e2ff\"}, \"fontFamily\": \"\", \"cv-fullname\": {\"color\": \"#0e849c\", \"fontSize\": \"22px\", \"fontWeight\": \"550\"}, \"cv-text-main\": {\"color\": \"#0e849c\"}, \"personal-icon\": {\"color\": \"#0e849c\"}}','2024-07-08 14:04:25','2024-07-08 14:04:32'),(22,122,1,'cv-22','Phạm Thị Cúc',NULL,'2001-01-08','0333333335','tranphudhak@gmail.com','Gia Lâm, Hà Nội','https://github.com/',NULL,NULL,'Chuyên viên tuyển dụng chuyên nghiệp','Thông tin cá nhân','Mục tiêu nghề nghiệp','Học vấn','Kinh nghiệm làm việc','Dự án','Các kỹ năng','Chứng chỉ','Giải thưởng','Hoạt động','https://drive.google.com/file/d/1T3qLViNm3gV8zyp7L1tSW-Pv592FdId2/view','[\"personal\", \"objective\", \"skill\", \"certificate\", \"\", \"\", \"education\", \"experience\", \"\", \"activity\"]','Kỹ năng chuyên môn - Giao tiếp, xử lý tình huống, quản lý thời gian Kỹ năng khác Tiếng Anh, tiếng Nhật ','{\"title\": {\"color\": \"#0e849c\", \"fontSize\": \"18px\", \"fontWeight\": \"550\"}, \"content\": {\"fontSize\": \"14px\"}, \"cv-line\": {\"borderColor\": \"#0e849c\", \"borderWidth\": \"3px\", \"borderLeftStyle\": \"solid\"}, \"cv-bg-main\": {\"backgroundColor\": \"#c6e2ff\"}, \"fontFamily\": \"\", \"cv-fullname\": {\"color\": \"#0e849c\", \"fontSize\": \"22px\", \"fontWeight\": \"550\"}, \"cv-text-main\": {\"color\": \"#0e849c\"}, \"personal-icon\": {\"color\": \"#0e849c\"}}','2024-07-08 14:05:08','2024-07-08 14:05:13'),(23,123,1,'cv-23','Phạm Thị Duyên',NULL,'2001-01-08','0333333335','tranphudhak@gmail.com','Gia Lâm, Hà Nội','https://github.com/',NULL,NULL,'Chuyên viên tuyển dụng chuyên nghiệp','Thông tin cá nhân','Mục tiêu nghề nghiệp','Học vấn','Kinh nghiệm làm việc','Dự án','Các kỹ năng','Chứng chỉ','Giải thưởng','Hoạt động','https://drive.google.com/file/d/1FWAfi5CvrX7bs_lP33c8LCzn8QoldOwr/view','[\"personal\", \"objective\", \"skill\", \"certificate\", \"\", \"\", \"education\", \"experience\", \"\", \"activity\"]','Kỹ năng chuyên môn - Giao tiếp, xử lý tình huống, quản lý thời gian Kỹ năng khác Tiếng Anh, tiếng Nhật ','{\"title\": {\"color\": \"#0e849c\", \"fontSize\": \"18px\", \"fontWeight\": \"550\"}, \"content\": {\"fontSize\": \"14px\"}, \"cv-line\": {\"borderColor\": \"#0e849c\", \"borderWidth\": \"3px\", \"borderLeftStyle\": \"solid\"}, \"cv-bg-main\": {\"backgroundColor\": \"#c6e2ff\"}, \"fontFamily\": \"\", \"cv-fullname\": {\"color\": \"#0e849c\", \"fontSize\": \"22px\", \"fontWeight\": \"550\"}, \"cv-text-main\": {\"color\": \"#0e849c\"}, \"personal-icon\": {\"color\": \"#0e849c\"}}','2024-07-08 14:05:51','2024-07-08 14:05:57'),(24,124,1,'cv-24','Phạm Văn Hải',NULL,'2001-01-08','0333333335','tranphudhak@gmail.com','Gia Lâm, Hà Nội','https://github.com/',NULL,NULL,'Chuyên viên tuyển dụng chuyên nghiệp','Thông tin cá nhân','Mục tiêu nghề nghiệp','Học vấn','Kinh nghiệm làm việc','Dự án','Các kỹ năng','Chứng chỉ','Giải thưởng','Hoạt động','https://drive.google.com/file/d/10zNMHgqZp1n_yuZFGsJz0ZWhP0bCYN3H/view','[\"personal\", \"objective\", \"skill\", \"certificate\", \"\", \"\", \"education\", \"experience\", \"\", \"activity\"]','Kỹ năng chuyên môn - Giao tiếp, xử lý tình huống, quản lý thời gian Kỹ năng khác Tiếng Anh, tiếng Nhật ','{\"title\": {\"color\": \"#0e849c\", \"fontSize\": \"18px\", \"fontWeight\": \"550\"}, \"content\": {\"fontSize\": \"14px\"}, \"cv-line\": {\"borderColor\": \"#0e849c\", \"borderWidth\": \"3px\", \"borderLeftStyle\": \"solid\"}, \"cv-bg-main\": {\"backgroundColor\": \"#c6e2ff\"}, \"fontFamily\": \"\", \"cv-fullname\": {\"color\": \"#0e849c\", \"fontSize\": \"22px\", \"fontWeight\": \"550\"}, \"cv-text-main\": {\"color\": \"#0e849c\"}, \"personal-icon\": {\"color\": \"#0e849c\"}}','2024-07-08 14:06:31','2024-07-08 14:06:36'),(25,125,1,'cv-25','Phạm Văn Hiệp',NULL,'2001-01-08','0333333335','tranphudhak@gmail.com','Gia Lâm, Hà Nội','https://github.com/',NULL,NULL,'Chuyên viên tuyển dụng chuyên nghiệp','Thông tin cá nhân','Mục tiêu nghề nghiệp','Học vấn','Kinh nghiệm làm việc','Dự án','Các kỹ năng','Chứng chỉ','Giải thưởng','Hoạt động','https://drive.google.com/file/d/1DOxjbka2lt7oIooONQav_NLZj2Zpgnjb/view','[\"personal\", \"objective\", \"skill\", \"certificate\", \"\", \"\", \"education\", \"experience\", \"\", \"activity\"]','Kỹ năng chuyên môn - Giao tiếp, xử lý tình huống, quản lý thời gian Kỹ năng khác Tiếng Anh, tiếng Nhật ','{\"title\": {\"color\": \"#0e849c\", \"fontSize\": \"18px\", \"fontWeight\": \"550\"}, \"content\": {\"fontSize\": \"14px\"}, \"cv-line\": {\"borderColor\": \"#0e849c\", \"borderWidth\": \"3px\", \"borderLeftStyle\": \"solid\"}, \"cv-bg-main\": {\"backgroundColor\": \"#c6e2ff\"}, \"fontFamily\": \"\", \"cv-fullname\": {\"color\": \"#0e849c\", \"fontSize\": \"22px\", \"fontWeight\": \"550\"}, \"cv-text-main\": {\"color\": \"#0e849c\"}, \"personal-icon\": {\"color\": \"#0e849c\"}}','2024-07-08 14:07:15','2024-07-08 14:07:20'),(26,126,1,'cv-26','Phạm Thị Mai',NULL,'2001-01-08','0333333335','tranphudhak@gmail.com','Gia Lâm, Hà Nội','https://github.com/',NULL,NULL,'Chuyên viên tuyển dụng chuyên nghiệp','Thông tin cá nhân','Mục tiêu nghề nghiệp','Học vấn','Kinh nghiệm làm việc','Dự án','Các kỹ năng','Chứng chỉ','Giải thưởng','Hoạt động','https://drive.google.com/file/d/1rLcNuPxN5gOQPG4RSIbMuWewUWWzBr3M/view','[\"personal\", \"objective\", \"skill\", \"certificate\", \"\", \"\", \"education\", \"experience\", \"\", \"activity\"]','Kỹ năng chuyên môn - Giao tiếp, xử lý tình huống, quản lý thời gian Kỹ năng khác Tiếng Anh, tiếng Nhật ','{\"title\": {\"color\": \"#0e849c\", \"fontSize\": \"18px\", \"fontWeight\": \"550\"}, \"content\": {\"fontSize\": \"14px\"}, \"cv-line\": {\"borderColor\": \"#0e849c\", \"borderWidth\": \"3px\", \"borderLeftStyle\": \"solid\"}, \"cv-bg-main\": {\"backgroundColor\": \"#c6e2ff\"}, \"fontFamily\": \"\", \"cv-fullname\": {\"color\": \"#0e849c\", \"fontSize\": \"22px\", \"fontWeight\": \"550\"}, \"cv-text-main\": {\"color\": \"#0e849c\"}, \"personal-icon\": {\"color\": \"#0e849c\"}}','2024-07-08 14:08:04','2024-07-08 14:08:09'),(27,127,1,'cv-27','Phạm Thị Hồng',NULL,'2001-01-08','0333333335','tranphudhak@gmail.com','Gia Lâm, Hà Nội','https://github.com/',NULL,NULL,'Chuyên viên tuyển dụng chuyên nghiệp','Thông tin cá nhân','Mục tiêu nghề nghiệp','Học vấn','Kinh nghiệm làm việc','Dự án','Các kỹ năng','Chứng chỉ','Giải thưởng','Hoạt động','https://drive.google.com/file/d/12q8EBDCmyBfFwyAzha8ggO2xoigqkQtX/view','[\"personal\", \"objective\", \"skill\", \"certificate\", \"\", \"\", \"education\", \"experience\", \"\", \"activity\"]','Kỹ năng chuyên môn - Giao tiếp, xử lý tình huống, quản lý thời gian Kỹ năng khác Tiếng Anh, tiếng Nhật ','{\"title\": {\"color\": \"#0e849c\", \"fontSize\": \"18px\", \"fontWeight\": \"550\"}, \"content\": {\"fontSize\": \"14px\"}, \"cv-line\": {\"borderColor\": \"#0e849c\", \"borderWidth\": \"3px\", \"borderLeftStyle\": \"solid\"}, \"cv-bg-main\": {\"backgroundColor\": \"#c6e2ff\"}, \"fontFamily\": \"\", \"cv-fullname\": {\"color\": \"#0e849c\", \"fontSize\": \"22px\", \"fontWeight\": \"550\"}, \"cv-text-main\": {\"color\": \"#0e849c\"}, \"personal-icon\": {\"color\": \"#0e849c\"}}','2024-07-08 14:08:41','2024-07-08 14:08:47'),(28,128,1,'cv-28','Ngô Văn An',NULL,'2001-01-08','0333333335','tranphudhak@gmail.com','Quận 2, Hồ Chí Minh','https://github.com/',NULL,NULL,'Lập trình viên Web chuyên nghiệp','Thông tin cá nhân','Mục tiêu nghề nghiệp','Học vấn','Kinh nghiệm làm việc','Dự án','Các kỹ năng','Chứng chỉ','Giải thưởng','Hoạt động','https://drive.google.com/file/d/1FsyGPz6IEgm2-RcYaz68yst_cj_nlZg8/view','[\"personal\", \"objective\", \"skill\", \"certificate\", \"\", \"\", \"education\", \"experience\", \"project\", \"activity\"]','Lập trình Java, PHP, Laravel, HTML, CSS, JavaScript, jQuery, ReactJS, Bootstrap Cơ sở dữ liệu MySQL, PostGreSQL ','{\"title\": {\"color\": \"#0e849c\", \"fontSize\": \"18px\", \"fontWeight\": \"550\"}, \"content\": {\"fontSize\": \"14px\"}, \"cv-line\": {\"borderColor\": \"#0e849c\", \"borderWidth\": \"3px\", \"borderLeftStyle\": \"solid\"}, \"cv-bg-main\": {\"backgroundColor\": \"#c6e2ff\"}, \"fontFamily\": \"\", \"cv-fullname\": {\"color\": \"#0e849c\", \"fontSize\": \"22px\", \"fontWeight\": \"550\"}, \"cv-text-main\": {\"color\": \"#0e849c\"}, \"personal-icon\": {\"color\": \"#0e849c\"}}','2024-07-08 14:09:16','2024-07-08 14:09:22'),(29,129,1,'cv-29','Ngô Văn Lộc',NULL,'2001-01-08','0333333335','tranphudhak@gmail.com','Quận 2, Hồ Chí Minh','https://github.com/',NULL,NULL,'Lập trình viên Web chuyên nghiệp','Thông tin cá nhân','Mục tiêu nghề nghiệp','Học vấn','Kinh nghiệm làm việc','Dự án','Các kỹ năng','Chứng chỉ','Giải thưởng','Hoạt động','https://drive.google.com/file/d/1mb37ynJOgDIcgxtEYelhBl1por7rVKwq/view','[\"personal\", \"objective\", \"skill\", \"certificate\", \"\", \"\", \"education\", \"experience\", \"project\", \"activity\"]','Lập trình Java, PHP, Laravel, HTML, CSS, JavaScript, jQuery, ReactJS, Bootstrap Cơ sở dữ liệu MySQL, PostGreSQL ','{\"title\": {\"color\": \"#0e849c\", \"fontSize\": \"18px\", \"fontWeight\": \"550\"}, \"content\": {\"fontSize\": \"14px\"}, \"cv-line\": {\"borderColor\": \"#0e849c\", \"borderWidth\": \"3px\", \"borderLeftStyle\": \"solid\"}, \"cv-bg-main\": {\"backgroundColor\": \"#c6e2ff\"}, \"cv-fullname\": {\"color\": \"#0e849c\", \"fontSize\": \"22px\", \"fontWeight\": \"550\"}, \"cv-text-main\": {\"color\": \"#0e849c\"}, \"personal-icon\": {\"color\": \"#0e849c\"}}','2024-07-08 14:09:58','2024-07-08 14:10:03'),(30,130,1,'cv-30','Ngô Văn Cao',NULL,'2001-01-08','0333333335','tranphudhak@gmail.com','Gia Lâm, Hà Nội','https://github.com/',NULL,NULL,'Lập trình viên Web chuyên nghiệp','Thông tin cá nhân','Mục tiêu nghề nghiệp','Học vấn','Kinh nghiệm làm việc','Dự án','Các kỹ năng','Chứng chỉ','Giải thưởng','Hoạt động','https://drive.google.com/file/d/14xVd40xaLHyoIvwCZMymGPukhT-7NbCz/view','[\"personal\", \"objective\", \"skill\", \"certificate\", \"\", \"\", \"education\", \"experience\", \"project\", \"activity\"]','Lập trình Java, PHP, Laravel, HTML, CSS, JavaScript, jQuery, ReactJS, Bootstrap Cơ sở dữ liệu MySQL, PostGreSQL ','{\"title\": {\"color\": \"#0e849c\", \"fontSize\": \"18px\", \"fontWeight\": \"550\"}, \"content\": {\"fontSize\": \"14px\"}, \"cv-line\": {\"borderColor\": \"#0e849c\", \"borderWidth\": \"3px\", \"borderLeftStyle\": \"solid\"}, \"cv-bg-main\": {\"backgroundColor\": \"#c6e2ff\"}, \"fontFamily\": \"\", \"cv-fullname\": {\"color\": \"#0e849c\", \"fontSize\": \"22px\", \"fontWeight\": \"550\"}, \"cv-text-main\": {\"color\": \"#0e849c\"}, \"personal-icon\": {\"color\": \"#0e849c\"}}','2024-07-08 14:11:08','2024-07-08 14:11:15'),(31,131,1,'cv-31','Ngô Văn Dũng',NULL,'2001-01-08','0333333335','tranphudhak@gmail.com','Gia Lâm, Hà Nội','https://github.com/',NULL,NULL,'Lập trình viên Web chuyên nghiệp','Thông tin cá nhân','Mục tiêu nghề nghiệp','Học vấn','Kinh nghiệm làm việc','Dự án','Các kỹ năng','Chứng chỉ','Giải thưởng','Hoạt động','https://drive.google.com/file/d/1XPqnBUAfyteaABIXTXdyooOh087AkBWn/view','[\"personal\", \"objective\", \"skill\", \"certificate\", \"\", \"\", \"education\", \"experience\", \"project\", \"activity\"]','Lập trình PHP, Laravel, HTML, SCSS, JavaScript, jQuery, ReactJS, Tailwind Cơ sở dữ liệu MySQL, PostGreSQL ','{\"title\": {\"color\": \"#0e849c\", \"fontSize\": \"18px\", \"fontWeight\": \"550\"}, \"content\": {\"fontSize\": \"14px\"}, \"cv-line\": {\"borderColor\": \"#0e849c\", \"borderWidth\": \"3px\", \"borderLeftStyle\": \"solid\"}, \"cv-bg-main\": {\"backgroundColor\": \"#c6e2ff\"}, \"fontFamily\": \"\", \"cv-fullname\": {\"color\": \"#0e849c\", \"fontSize\": \"22px\", \"fontWeight\": \"550\"}, \"cv-text-main\": {\"color\": \"#0e849c\"}, \"personal-icon\": {\"color\": \"#0e849c\"}}','2024-07-08 14:11:50','2024-07-08 14:11:56'),(32,132,1,'cv-32','Ngô Thị Xuyến',NULL,'2001-01-08','0333333335','tranphudhak@gmail.com','Gia Lâm, Hà Nội','https://github.com/',NULL,NULL,'Chuyên viên tuyển dụng chuyên nghiệp','Thông tin cá nhân','Mục tiêu nghề nghiệp','Học vấn','Kinh nghiệm làm việc','Dự án','Các kỹ năng','Chứng chỉ','Giải thưởng','Hoạt động','https://drive.google.com/file/d/1WEwGPsLGBBAu-aKnUQyzBmhFAyOosV4-/view','[\"personal\", \"objective\", \"skill\", \"certificate\", \"\", \"\", \"education\", \"experience\", \"\", \"activity\"]','Kỹ năng chuyên môn - Giao tiếp, xử lý tình huống, quản lý thời gian Kỹ năng khác Tiếng Anh, tiếng Nhật ','{\"title\": {\"color\": \"#0e849c\", \"fontSize\": \"18px\", \"fontWeight\": \"550\"}, \"content\": {\"fontSize\": \"14px\"}, \"cv-line\": {\"borderColor\": \"#0e849c\", \"borderWidth\": \"3px\", \"borderLeftStyle\": \"solid\"}, \"cv-bg-main\": {\"backgroundColor\": \"#c6e2ff\"}, \"fontFamily\": \"\", \"cv-fullname\": {\"color\": \"#0e849c\", \"fontSize\": \"22px\", \"fontWeight\": \"550\"}, \"cv-text-main\": {\"color\": \"#0e849c\"}, \"personal-icon\": {\"color\": \"#0e849c\"}}','2024-07-08 14:22:34','2024-07-08 14:22:39'),(33,133,1,'cv-33','Ngô Thị Hằng',NULL,'2001-01-08','0333333335','tranphudhak@gmail.com','Gia Lâm, Hà Nội','https://github.com/',NULL,NULL,'Chuyên viên tuyển dụng chuyên nghiệp','Thông tin cá nhân','Mục tiêu nghề nghiệp','Học vấn','Kinh nghiệm làm việc','Dự án','Các kỹ năng','Chứng chỉ','Giải thưởng','Hoạt động','https://drive.google.com/file/d/1NL8asRaYsdZDGcMlYvwZqriNiY2RXPSc/view','[\"personal\", \"objective\", \"skill\", \"certificate\", \"\", \"\", \"education\", \"experience\", \"\", \"activity\"]','Kỹ năng chuyên môn - Giao tiếp, xử lý tình huống, quản lý thời gian Kỹ năng khác Tiếng Anh, tiếng Nhật ','{\"title\": {\"color\": \"#0e849c\", \"fontSize\": \"18px\", \"fontWeight\": \"550\"}, \"content\": {\"fontSize\": \"14px\"}, \"cv-line\": {\"borderColor\": \"#0e849c\", \"borderWidth\": \"3px\", \"borderLeftStyle\": \"solid\"}, \"cv-bg-main\": {\"backgroundColor\": \"#c6e2ff\"}, \"fontFamily\": \"\", \"cv-fullname\": {\"color\": \"#0e849c\", \"fontSize\": \"22px\", \"fontWeight\": \"550\"}, \"cv-text-main\": {\"color\": \"#0e849c\"}, \"personal-icon\": {\"color\": \"#0e849c\"}}','2024-07-08 14:23:15','2024-07-08 14:23:20'),(34,134,1,'cv-34','Ngô Thị Lan',NULL,'2001-01-08','0333333335','tranphudhak@gmail.com','Quận 2, Hồ Chí Minh','https://github.com/',NULL,NULL,'Lập trình viên Web chuyên nghiệp','Thông tin cá nhân','Mục tiêu nghề nghiệp','Học vấn','Kinh nghiệm làm việc','Dự án','Các kỹ năng','Chứng chỉ','Giải thưởng','Hoạt động','https://drive.google.com/file/d/12fVFOW0oSbIPcDI5vY4uWPDRgwM6HJeo/view','[\"personal\", \"objective\", \"skill\", \"certificate\", \"\", \"\", \"education\", \"experience\", \"project\", \"activity\"]','Lập trình Java, PHP, Laravel, HTML, CSS, JavaScript, jQuery, ReactJS, Bootstrap Cơ sở dữ liệu MySQL, PostGreSQL ','{\"title\": {\"color\": \"#0e849c\", \"fontSize\": \"18px\", \"fontWeight\": \"550\"}, \"content\": {\"fontSize\": \"14px\"}, \"cv-line\": {\"borderColor\": \"#0e849c\", \"borderWidth\": \"3px\", \"borderLeftStyle\": \"solid\"}, \"cv-bg-main\": {\"backgroundColor\": \"#c6e2ff\"}, \"fontFamily\": \"\", \"cv-fullname\": {\"color\": \"#0e849c\", \"fontSize\": \"22px\", \"fontWeight\": \"550\"}, \"cv-text-main\": {\"color\": \"#0e849c\"}, \"personal-icon\": {\"color\": \"#0e849c\"}}','2024-07-08 14:23:52','2024-07-08 14:23:57');
/*!40000 ALTER TABLE `resumes` ENABLE KEYS */;
UNLOCK TABLES;

--
-- Table structure for table `saved_jobs`
--

DROP TABLE IF EXISTS `saved_jobs`;
/*!40101 SET @saved_cs_client     = @@character_set_client */;
/*!50503 SET character_set_client = utf8mb4 */;
CREATE TABLE `saved_jobs` (
  `candidate_id` bigint unsigned NOT NULL,
  `job_id` bigint unsigned NOT NULL,
  PRIMARY KEY (`candidate_id`,`job_id`)
) ENGINE=InnoDB DEFAULT CHARSET=utf8mb4 COLLATE=utf8mb4_unicode_ci;
/*!40101 SET character_set_client = @saved_cs_client */;

--
-- Dumping data for table `saved_jobs`
--

LOCK TABLES `saved_jobs` WRITE;
/*!40000 ALTER TABLE `saved_jobs` DISABLE KEYS */;
/*!40000 ALTER TABLE `saved_jobs` ENABLE KEYS */;
UNLOCK TABLES;

--
-- Table structure for table `skills`
--

DROP TABLE IF EXISTS `skills`;
/*!40101 SET @saved_cs_client     = @@character_set_client */;
/*!50503 SET character_set_client = utf8mb4 */;
CREATE TABLE `skills` (
  `id` bigint unsigned NOT NULL AUTO_INCREMENT,
  `candidate_id` bigint unsigned NOT NULL,
  `resume_id` bigint unsigned DEFAULT NULL,
  `name` varchar(60) COLLATE utf8mb4_unicode_ci DEFAULT NULL,
  `proficiency` tinyint unsigned DEFAULT NULL,
  `description` varchar(255) COLLATE utf8mb4_unicode_ci DEFAULT NULL,
  PRIMARY KEY (`id`)
) ENGINE=InnoDB AUTO_INCREMENT=139 DEFAULT CHARSET=utf8mb4 COLLATE=utf8mb4_unicode_ci;
/*!40101 SET character_set_client = @saved_cs_client */;

--
-- Dumping data for table `skills`
--

LOCK TABLES `skills` WRITE;
/*!40000 ALTER TABLE `skills` DISABLE KEYS */;
INSERT INTO `skills` VALUES (1,101,NULL,'Lập trình',4,'Java, PHP, HTML, CSS, JavaScript, jQuery, Bootstrap'),(2,101,NULL,'Cơ sở dữ liệu',4,'MySQL, PostGreSQL'),(3,102,NULL,'Lập trình',4,'Java, PHP, HTML, CSS, JavaScript, jQuery, Bootstrap'),(4,102,NULL,'Cơ sở dữ liệu',4,'MySQL, PostGreSQL'),(5,103,NULL,'Lập trình',4,'Java, PHP, HTML, CSS, JavaScript, jQuery, Bootstrap'),(6,103,NULL,'Cơ sở dữ liệu',4,'MySQL, PostGreSQL'),(7,104,NULL,'Lập trình',4,'Java, PHP, Laravel, HTML, CSS, JavaScript, jQuery, ReactJS, Bootstrap'),(8,104,NULL,'Cơ sở dữ liệu',4,'MySQL, PostGreSQL'),(9,105,NULL,'Lập trình',4,'Java, PHP, Laravel, HTML, CSS, JavaScript, jQuery, ReactJS, Bootstrap'),(10,105,NULL,'Cơ sở dữ liệu',4,'MySQL, PostGreSQL'),(11,106,NULL,'Lập trình',4,'Java, PHP, Laravel, HTML, CSS, JavaScript, jQuery, ReactJS, Bootstrap'),(12,106,NULL,'Cơ sở dữ liệu',4,'MySQL, PostGreSQL'),(13,107,NULL,'Lập trình',4,'Java, PHP, HTML, CSS, JavaScript, jQuery, ReactJS'),(14,107,NULL,'Cơ sở dữ liệu',4,'PostGreSQL'),(15,108,NULL,'Lập trình',4,'Java, PHP, HTML, CSS, JavaScript, jQuery, ReactJS'),(16,108,NULL,'Cơ sở dữ liệu',4,'PostGreSQL'),(17,109,NULL,'Lập trình',4,'Java, PHP, HTML, CSS, JavaScript, jQuery, ReactJS, Bootstrap'),(18,109,NULL,'Cơ sở dữ liệu',4,'MySQL, PostGreSQL'),(19,110,NULL,'Lập trình',4,'Java, PHP, HTML, CSS, JavaScript, jQuery, ReactJS, Bootstrap'),(20,110,NULL,'Cơ sở dữ liệu',4,'MySQL, PostGreSQL'),(21,111,NULL,'Lập trình',4,'Java, PHP, HTML, CSS, JavaScript, jQuery, ReactJS, Bootstrap'),(22,111,NULL,'Cơ sở dữ liệu',4,'MySQL, PostGreSQL'),(23,112,NULL,'Lập trình',4,'PHP, Laravel, HTML, SCSS, JavaScript, jQuery, ReactJS, Tailwind'),(24,112,NULL,'Cơ sở dữ liệu',4,'MySQL, PostGreSQL'),(25,113,NULL,'Lập trình',4,'PHP, Laravel, HTML, SCSS, JavaScript, jQuery, ReactJS, Tailwind'),(26,113,NULL,'Cơ sở dữ liệu',4,'MySQL, PostGreSQL'),(27,114,NULL,'Lập trình',4,'PHP, Laravel, HTML, SCSS, JavaScript, jQuery, ReactJS, VueJS, Bootstrap, Tailwind'),(28,114,NULL,'Cơ sở dữ liệu',4,'MySQL, PostGreSQL'),(29,115,NULL,'Lập trình',4,'PHP, Laravel, HTML, SCSS, JavaScript, jQuery, ReactJS, VueJS, Bootstrap, Tailwind'),(30,115,NULL,'Cơ sở dữ liệu',4,'MySQL, PostGreSQL'),(31,116,NULL,'Lập trình',4,'PHP, Laravel, HTML, SCSS, JavaScript, VueJS, Bootstrap'),(32,116,NULL,'Cơ sở dữ liệu',4,'PostGreSQL'),(33,117,NULL,'Lập trình',4,'PHP, Laravel, HTML, SCSS, JavaScript, VueJS, Bootstrap'),(34,117,NULL,'Cơ sở dữ liệu',4,'MySQL, PostGreSQL'),(35,118,NULL,'Lập trình',4,'PHP, Laravel, HTML, SCSS, JavaScript, jQuery, ReactJS, VueJS, Bootstrap, Tailwind'),(36,118,NULL,'Cơ sở dữ liệu',4,'MySQL, PostGreSQL'),(37,119,NULL,'Lập trình',4,'PHP, Laravel, HTML, SCSS, JavaScript, jQuery, ReactJS, VueJS, Bootstrap, Tailwind'),(38,119,NULL,'Cơ sở dữ liệu',4,'MySQL, PostGreSQL'),(39,120,NULL,'Kỹ năng chuyên môn',4,'- Giao tiếp, xử lý tình huống, quản lý thời gian'),(40,120,NULL,'Kỹ năng khác',4,'Tiếng Anh, tiếng Nhật'),(41,121,NULL,'Kỹ năng chuyên môn',4,'- Giao tiếp, xử lý tình huống, quản lý thời gian'),(42,121,NULL,'Kỹ năng khác',4,'Tiếng Anh, tiếng Nhật'),(43,122,NULL,'Kỹ năng chuyên môn',4,'- Giao tiếp, xử lý tình huống, quản lý thời gian'),(44,122,NULL,'Kỹ năng khác',4,'Tiếng Anh, tiếng Nhật'),(45,123,NULL,'Kỹ năng chuyên môn',4,'- Giao tiếp, xử lý tình huống, quản lý thời gian'),(46,123,NULL,'Kỹ năng khác',4,'Tiếng Anh, tiếng Nhật'),(47,124,NULL,'Kỹ năng chuyên môn',4,'- Giao tiếp, xử lý tình huống, quản lý thời gian'),(48,124,NULL,'Kỹ năng khác',4,'Tiếng Anh, tiếng Nhật'),(49,125,NULL,'Kỹ năng chuyên môn',4,'- Giao tiếp, xử lý tình huống, quản lý thời gian'),(50,125,NULL,'Kỹ năng khác',4,'Tiếng Anh, tiếng Nhật'),(51,126,NULL,'Kỹ năng chuyên môn',4,'- Giao tiếp, xử lý tình huống, quản lý thời gian'),(52,126,NULL,'Kỹ năng khác',4,'Tiếng Anh, tiếng Nhật'),(53,127,NULL,'Kỹ năng chuyên môn',4,'- Giao tiếp, xử lý tình huống, quản lý thời gian'),(54,127,NULL,'Kỹ năng khác',4,'Tiếng Anh, tiếng Nhật'),(55,128,NULL,'Lập trình',4,'Java, PHP, Laravel, HTML, CSS, JavaScript, jQuery, ReactJS, Bootstrap'),(56,128,NULL,'Cơ sở dữ liệu',4,'MySQL, PostGreSQL'),(57,129,NULL,'Lập trình',4,'Java, PHP, Laravel, HTML, CSS, JavaScript, jQuery, ReactJS, Bootstrap'),(58,129,NULL,'Cơ sở dữ liệu',4,'MySQL, PostGreSQL'),(59,130,NULL,'Lập trình',4,'Java, PHP, Laravel, HTML, CSS, JavaScript, jQuery, ReactJS, Bootstrap'),(62,130,NULL,'Cơ sở dữ liệu',4,'MySQL, PostGreSQL'),(63,131,NULL,'Lập trình',4,'PHP, Laravel, HTML, SCSS, JavaScript, jQuery, ReactJS, Tailwind'),(64,131,NULL,'Cơ sở dữ liệu',4,'MySQL, PostGreSQL'),(65,132,NULL,'Kỹ năng chuyên môn',4,'- Giao tiếp, xử lý tình huống, quản lý thời gian'),(66,132,NULL,'Kỹ năng khác',4,'Tiếng Anh, tiếng Nhật'),(67,133,NULL,'Kỹ năng chuyên môn',4,'- Giao tiếp, xử lý tình huống, quản lý thời gian'),(68,133,NULL,'Kỹ năng khác',4,'Tiếng Anh, tiếng Nhật'),(69,134,NULL,'Lập trình',4,'Java, PHP, Laravel, HTML, CSS, JavaScript, jQuery, ReactJS, Bootstrap'),(70,134,NULL,'Cơ sở dữ liệu',4,'MySQL, PostGreSQL'),(71,101,1,'Lập trình',4,'Java, PHP, HTML, CSS, JavaScript, jQuery, Bootstrap'),(72,101,1,'Cơ sở dữ liệu',4,'MySQL, PostGreSQL'),(73,102,2,'Lập trình',4,'Java, PHP, HTML, CSS, JavaScript, jQuery, Bootstrap'),(74,102,2,'Cơ sở dữ liệu',4,'MySQL, PostGreSQL'),(75,103,3,'Lập trình',4,'Java, PHP, HTML, CSS, JavaScript, jQuery, Bootstrap'),(76,103,3,'Cơ sở dữ liệu',4,'MySQL, PostGreSQL'),(77,104,4,'Lập trình',4,'Java, PHP, Laravel, HTML, CSS, JavaScript, jQuery, ReactJS, Bootstrap'),(78,104,4,'Cơ sở dữ liệu',4,'MySQL, PostGreSQL'),(79,105,5,'Lập trình',4,'Java, PHP, Laravel, HTML, CSS, JavaScript, jQuery, ReactJS, Bootstrap'),(80,105,5,'Cơ sở dữ liệu',4,'MySQL, PostGreSQL'),(81,106,6,'Lập trình',4,'Java, PHP, Laravel, HTML, CSS, JavaScript, jQuery, ReactJS, Bootstrap'),(82,106,6,'Cơ sở dữ liệu',4,'MySQL, PostGreSQL'),(83,107,7,'Lập trình',4,'Java, PHP, HTML, CSS, JavaScript, jQuery, ReactJS'),(84,107,7,'Cơ sở dữ liệu',4,'PostGreSQL'),(85,108,8,'Lập trình',4,'Java, PHP, HTML, CSS, JavaScript, jQuery, ReactJS'),(86,108,8,'Cơ sở dữ liệu',4,'PostGreSQL'),(87,109,9,'Lập trình',4,'Java, PHP, HTML, CSS, JavaScript, jQuery, ReactJS, Bootstrap'),(88,109,9,'Cơ sở dữ liệu',4,'MySQL, PostGreSQL'),(89,110,10,'Lập trình',4,'Java, PHP, HTML, CSS, JavaScript, jQuery, ReactJS, Bootstrap'),(90,110,10,'Cơ sở dữ liệu',4,'MySQL, PostGreSQL'),(91,111,11,'Lập trình',4,'Java, PHP, HTML, CSS, JavaScript, jQuery, ReactJS, Bootstrap'),(92,111,11,'Cơ sở dữ liệu',4,'MySQL, PostGreSQL'),(93,112,12,'Lập trình',4,'PHP, Laravel, HTML, SCSS, JavaScript, jQuery, ReactJS, Tailwind'),(94,112,12,'Cơ sở dữ liệu',4,'MySQL, PostGreSQL'),(95,113,13,'Lập trình',4,'PHP, Laravel, HTML, SCSS, JavaScript, jQuery, ReactJS, Tailwind'),(96,113,13,'Cơ sở dữ liệu',4,'MySQL, PostGreSQL'),(97,114,14,'Lập trình',4,'PHP, Laravel, HTML, SCSS, JavaScript, jQuery, ReactJS, VueJS, Bootstrap, Tailwind'),(98,114,14,'Cơ sở dữ liệu',4,'MySQL, PostGreSQL'),(99,115,15,'Lập trình',4,'PHP, Laravel, HTML, SCSS, JavaScript, jQuery, ReactJS, VueJS, Bootstrap, Tailwind'),(100,115,15,'Cơ sở dữ liệu',4,'MySQL, PostGreSQL'),(101,116,16,'Lập trình',4,'PHP, Laravel, HTML, SCSS, JavaScript, VueJS, Bootstrap'),(102,116,16,'Cơ sở dữ liệu',4,'PostGreSQL'),(103,117,17,'Lập trình',4,'PHP, Laravel, HTML, SCSS, JavaScript, VueJS, Bootstrap'),(104,117,17,'Cơ sở dữ liệu',4,'MySQL, PostGreSQL'),(105,118,18,'Lập trình',4,'PHP, Laravel, HTML, SCSS, JavaScript, jQuery, ReactJS, VueJS, Bootstrap, Tailwind'),(106,118,18,'Cơ sở dữ liệu',4,'MySQL, PostGreSQL'),(107,119,19,'Lập trình',4,'PHP, Laravel, HTML, SCSS, JavaScript, jQuery, ReactJS, VueJS, Bootstrap, Tailwind'),(108,119,19,'Cơ sở dữ liệu',4,'MySQL, PostGreSQL'),(109,120,20,'Kỹ năng chuyên môn',4,'- Giao tiếp, xử lý tình huống, quản lý thời gian'),(110,120,20,'Kỹ năng khác',4,'Tiếng Anh, tiếng Nhật'),(111,121,21,'Kỹ năng chuyên môn',4,'- Giao tiếp, xử lý tình huống, quản lý thời gian'),(112,121,21,'Kỹ năng khác',4,'Tiếng Anh, tiếng Nhật'),(113,122,22,'Kỹ năng chuyên môn',4,'- Giao tiếp, xử lý tình huống, quản lý thời gian'),(114,122,22,'Kỹ năng khác',4,'Tiếng Anh, tiếng Nhật'),(115,123,23,'Kỹ năng chuyên môn',4,'- Giao tiếp, xử lý tình huống, quản lý thời gian'),(116,123,23,'Kỹ năng khác',4,'Tiếng Anh, tiếng Nhật'),(117,124,24,'Kỹ năng chuyên môn',4,'- Giao tiếp, xử lý tình huống, quản lý thời gian'),(118,124,24,'Kỹ năng khác',4,'Tiếng Anh, tiếng Nhật'),(119,125,25,'Kỹ năng chuyên môn',4,'- Giao tiếp, xử lý tình huống, quản lý thời gian'),(120,125,25,'Kỹ năng khác',4,'Tiếng Anh, tiếng Nhật'),(121,126,26,'Kỹ năng chuyên môn',4,'- Giao tiếp, xử lý tình huống, quản lý thời gian'),(122,126,26,'Kỹ năng khác',4,'Tiếng Anh, tiếng Nhật'),(123,127,27,'Kỹ năng chuyên môn',4,'- Giao tiếp, xử lý tình huống, quản lý thời gian'),(124,127,27,'Kỹ năng khác',4,'Tiếng Anh, tiếng Nhật'),(125,128,28,'Lập trình',4,'Java, PHP, Laravel, HTML, CSS, JavaScript, jQuery, ReactJS, Bootstrap'),(126,128,28,'Cơ sở dữ liệu',4,'MySQL, PostGreSQL'),(127,129,29,'Lập trình',4,'Java, PHP, Laravel, HTML, CSS, JavaScript, jQuery, ReactJS, Bootstrap'),(128,129,29,'Cơ sở dữ liệu',4,'MySQL, PostGreSQL'),(129,130,30,'Lập trình',4,'Java, PHP, Laravel, HTML, CSS, JavaScript, jQuery, ReactJS, Bootstrap'),(130,130,30,'Cơ sở dữ liệu',4,'MySQL, PostGreSQL'),(131,131,31,'Lập trình',4,'PHP, Laravel, HTML, SCSS, JavaScript, jQuery, ReactJS, Tailwind'),(132,131,31,'Cơ sở dữ liệu',4,'MySQL, PostGreSQL'),(133,132,32,'Kỹ năng chuyên môn',4,'- Giao tiếp, xử lý tình huống, quản lý thời gian'),(134,132,32,'Kỹ năng khác',4,'Tiếng Anh, tiếng Nhật'),(135,133,33,'Kỹ năng chuyên môn',4,'- Giao tiếp, xử lý tình huống, quản lý thời gian'),(136,133,33,'Kỹ năng khác',4,'Tiếng Anh, tiếng Nhật'),(137,134,34,'Lập trình',4,'Java, PHP, Laravel, HTML, CSS, JavaScript, jQuery, ReactJS, Bootstrap'),(138,134,34,'Cơ sở dữ liệu',4,'MySQL, PostGreSQL');
/*!40000 ALTER TABLE `skills` ENABLE KEYS */;
UNLOCK TABLES;

--
-- Table structure for table `users`
--

DROP TABLE IF EXISTS `users`;
/*!40101 SET @saved_cs_client     = @@character_set_client */;
/*!50503 SET character_set_client = utf8mb4 */;
CREATE TABLE `users` (
  `id` bigint unsigned NOT NULL AUTO_INCREMENT,
  `email` varchar(255) COLLATE utf8mb4_unicode_ci NOT NULL,
  `email_verified_at` timestamp NULL DEFAULT NULL,
  `password` varchar(255) COLLATE utf8mb4_unicode_ci NOT NULL,
  `remember_token` varchar(100) COLLATE utf8mb4_unicode_ci DEFAULT NULL,
  `role` tinyint unsigned NOT NULL,
  `is_active` tinyint(1) NOT NULL DEFAULT '1',
  `is_accepted` tinyint(1) NOT NULL DEFAULT '1',
  `is_denied` tinyint(1) NOT NULL DEFAULT '0',
  `created_at` timestamp NULL DEFAULT NULL,
  `updated_at` timestamp NULL DEFAULT NULL,
  PRIMARY KEY (`id`),
  UNIQUE KEY `users_email_unique` (`email`)
) ENGINE=InnoDB AUTO_INCREMENT=227 DEFAULT CHARSET=utf8mb4 COLLATE=utf8mb4_unicode_ci;
/*!40101 SET character_set_client = @saved_cs_client */;

--
-- Dumping data for table `users`
--

LOCK TABLES `users` WRITE;
/*!40000 ALTER TABLE `users` DISABLE KEYS */;
INSERT INTO `users` VALUES (1,'ngoc@gmail.com',NULL,'$2y$10$YR2bqyp9q3YbTpn88JWxbeoQ2wW.VOXfoicZt14rTKIZ0myYbUuVq',NULL,0,1,1,0,NULL,NULL),(11,'huy@gmail.com',NULL,'$2y$10$lWc9uAVoSPv5PxUURKrpjezBNxMLC50RKoL1hr7G4xVzHuHLl477G',NULL,2,1,1,0,NULL,NULL),(12,'company12@gmail.com',NULL,'$2y$10$KoKEVt4QEKavYWsTiDHoPOJUcSS8KctE3tjkY9vIw29aKND2eryj2',NULL,2,1,1,0,NULL,NULL),(13,'company13@gmail.com',NULL,'$2y$10$l9iPYTIYM7haaErLGKsf.eAUz7Axqg8y3c6TlWJ1JuLFVRYKQd.46',NULL,2,1,1,0,NULL,NULL),(14,'company14@gmail.com',NULL,'$2y$10$CpkEfhkDea1j2gm0r4wTfOFG3v/DnNsEvugzeD.u2ZbA39hteo5I6',NULL,2,1,1,0,NULL,NULL),(15,'company15@gmail.com',NULL,'$2y$10$DF8NkOZZzc2VweocBWR2Dui6iqyH0.lq9sC/7vJPrJmFgUhsINs1y',NULL,2,1,1,0,NULL,NULL),(16,'company16@gmail.com',NULL,'$2y$10$MKzbEDC4enhdPnqRHk6DTuTqs6wvUe4FxgjZBLSGoA3XdKpWBHDyO',NULL,2,1,1,0,NULL,NULL),(17,'company17@gmail.com',NULL,'$2y$10$vIhc67c4zMmcsY5vWp2NxuzWe4VXEgSavLhtZQ0muvelops9V5XoS',NULL,2,1,1,0,NULL,NULL),(18,'company18@gmail.com',NULL,'$2y$10$sWClpJQZWS7BnTShmTdFX.wi1VbhnFt5asOVskeo1x3.leeCDB6Q2',NULL,2,1,1,0,NULL,NULL),(19,'company19@gmail.com',NULL,'$2y$10$mmyZcvVCjuTzSLzhjL7k/OrOrSDbzCfRxx08hL4GmHbnYBupU1z7W',NULL,2,1,1,0,NULL,NULL),(20,'company20@gmail.com',NULL,'$2y$10$g9rvU1NnTkndS.suM5u5oOyMPmXUmqVdVoyD9Bs7Wx.SGppLg/6/6',NULL,2,1,1,0,NULL,NULL),(21,'company21@gmail.com',NULL,'$2y$10$tnNuyRB1A5Vpf2HKG7VsHOhs2.mmsWjP9j3ObZFvmcgX1Rs9TXFpW',NULL,2,1,1,0,NULL,NULL),(22,'company22@gmail.com',NULL,'$2y$10$x1T9dApWrazxOxbf5ExcSONSMuLrB23UFhVC0zjR.XXvsW7l.Fc4q',NULL,2,1,1,0,NULL,NULL),(23,'company23@gmail.com',NULL,'$2y$10$BN7QlRSAdbqyFJsMxzMyueRXnDm.gs5gBGI0e3kYuctLsjV2Kw.p2',NULL,2,1,1,0,NULL,NULL),(24,'company24@gmail.com',NULL,'$2y$10$wVZ3GRMyYweyh1KC6H0T6uUaBaMiB7myZ3jK/8PqY8S8L4mBPFzfG',NULL,2,1,1,0,NULL,NULL),(25,'company25@gmail.com',NULL,'$2y$10$XCqis/SDbFcFbrF3WQDHTuDOEWdgk8wZh/H18F/QeAIX0f2sBAqe.',NULL,2,1,1,0,NULL,NULL),(26,'company26@gmail.com',NULL,'$2y$10$POFYO8421/sY0CxLNmRiPe3.SKj69JLcGPlHarcslAqmdnrZI43nm',NULL,2,1,1,0,NULL,NULL),(27,'company27@gmail.com',NULL,'$2y$10$DLOO5I2LyD9QuvGO/EyZL.9yNHHj2UbrgzI4BV5Vn8WcNOoSts3OK',NULL,2,1,1,0,NULL,NULL),(28,'company28@gmail.com',NULL,'$2y$10$cBrbFrHs/8sMeUUzs46b0eAHjWOoeuyzvjvsG8F.kANTY2C5AB4LS',NULL,2,1,1,0,NULL,NULL),(29,'company29@gmail.com',NULL,'$2y$10$UlL1MJtUC0nNWLSoGTq.mO6BUdWF17ubwvg6N4/hkTjrpycrsDvf.',NULL,2,1,1,0,NULL,NULL),(30,'company30@gmail.com',NULL,'$2y$10$ECFUqzFs67NK9.YQJtABYud3XojAlCMNL6/F95Os/YOjgT3A037ja',NULL,2,1,1,0,NULL,NULL),(31,'company31@gmail.com',NULL,'$2y$10$RFExogDO7PqsvYCWdjIuuezXibBSJ.E/RagiVoMQivgL2IN5pWM5K',NULL,2,1,1,0,NULL,NULL),(101,'tranphudhak@gmail.com',NULL,'$2y$10$7Fefm4v1qPBoZ7rErYAe7.hjM.GwXeXEM9.rsy2gn9hsApcbnS4VG',NULL,1,1,1,0,NULL,NULL),(102,'thoa@gmail.com',NULL,'$2y$10$ClJILJ35BxyiZeO9Ogl1Be.ryniuJWsvWEJa6c.zruUpvs60eervm',NULL,1,1,1,0,NULL,NULL),(103,'diep@gmail.com',NULL,'$2y$10$deFgkkZhJjUVxe2Dfn8e5O//piltjEYhSPsz4uH9/yZ7EsK2OH/B.',NULL,1,1,1,0,NULL,NULL),(104,'phong@gmail.com',NULL,'$2y$10$zJKmuXPkdMuruh4kx2ayEeP0ZVP45bZyx9Ef0PQiX7582NLFqu4bS',NULL,1,1,1,0,NULL,NULL),(105,'quang@gmail.com',NULL,'$2y$10$D6ygqzRstFFo15150ebZb.miPg/psbValOj/pnSE4At0DURv/ATry',NULL,1,1,1,0,NULL,NULL),(106,'candidate6@gmail.com',NULL,'$2y$10$zWSkNruN0Q/I.hZ7cdByA.bLCSnuhrPN4.OopG//th0DI7mV7hSt6',NULL,1,1,1,0,NULL,NULL),(107,'candidate7@gmail.com',NULL,'$2y$10$tajs6qeaulWzuUT6WWLHMujslkm9xfdEVtXACWm1VERq6Z.0UTRui',NULL,1,1,1,0,NULL,NULL),(108,'candidate8@gmail.com',NULL,'$2y$10$t7wnNVhcV7980bs1b02jyueV2Xp/KH5EDHgYplAQnmomDDigVlpm6',NULL,1,1,1,0,NULL,NULL),(109,'candidate9@gmail.com',NULL,'$2y$10$dZdUpV3kwnBpc6ajwRIlAeWNadaQ9bPq/drKVgM0DtErpjNFU73nC',NULL,1,1,1,0,NULL,NULL),(110,'candidate10@gmail.com',NULL,'$2y$10$trlDpb4HGJ1t7jJbjqaqfOI.Qvnwgd2xW7G9BtEHg9FFUywn16G6W',NULL,1,1,1,0,NULL,NULL),(111,'candidate11@gmail.com',NULL,'$2y$10$ldF1exr9WKZZVsmuL9ElmudtpCn20n/huU6Uz2uIRy1//Kp1f26Sq',NULL,1,1,1,0,NULL,NULL),(112,'candidate12@gmail.com',NULL,'$2y$10$H8ZEgeotvIj4XlPGCKrJY.j1gNWtdWbQKZG2bAvkEeMi4FQFov8t2',NULL,1,1,1,0,NULL,NULL),(113,'candidate13@gmail.com',NULL,'$2y$10$b/i0L5cQwfOny3ceF.aiQe.BRlGFmio1h/9tnsEHZuRJNHbxtZfEK',NULL,1,1,1,0,NULL,NULL),(114,'candidate14@gmail.com',NULL,'$2y$10$vvtmb6r9jLXBi7QJYWPXueGTiaDWOsD37vIe.XmZPjP7r.X2FTeDq',NULL,1,1,1,0,NULL,NULL),(115,'candidate15@gmail.com',NULL,'$2y$10$U9m4LdTg2C1rd28ienO4Nubr7sHdWVCUjCdxbbyTNEYWDhNIkn3z2',NULL,1,1,1,0,NULL,NULL),(116,'candidate16@gmail.com',NULL,'$2y$10$9ygfttbscXjwX2VDb9Vw1e5TFrADsTPKYXWIOp1j1VaO6s6M4XsZi',NULL,1,1,1,0,NULL,NULL),(117,'candidate17@gmail.com',NULL,'$2y$10$dN9WhXudytXNoIYPwPJ0SOwc44upd6eHhguxYzeMxoEyjaU8mOiMm',NULL,1,1,1,0,NULL,NULL),(118,'candidate18@gmail.com',NULL,'$2y$10$b3ScsthMqoEzNV0JLKRONeKz6Nmoz85NkdMEijA3rc8ZeyIa7Ycn2',NULL,1,1,1,0,NULL,NULL),(119,'candidate19@gmail.com',NULL,'$2y$10$t6E3q6AHX2Wt9a/3F75hg.3M.fZq7YSKVIbV2DFqeRX..CvXKKcV.',NULL,1,1,1,0,NULL,NULL),(120,'candidate20@gmail.com',NULL,'$2y$10$qo0ETe1fFU7wu2LvkYRJ3OOdSsSBImVMie33J1e6wm.l05t.5i7Tq',NULL,1,1,1,0,NULL,NULL),(121,'candidate21@gmail.com',NULL,'$2y$10$TR8c6zA7RlTGhcKpedmBCOPWl5BjBeHqjqzKWav6G7fDCsxxgBhve',NULL,1,1,1,0,NULL,NULL),(122,'candidate22@gmail.com',NULL,'$2y$10$HtqAT8YAkktZ9t.IiZHoReBQrLFXNfP3akZCInaNXEGzQch.prrkO',NULL,1,1,1,0,NULL,NULL),(123,'candidate23@gmail.com',NULL,'$2y$10$k6WJlUIMHMjBtgN5/Xt2gO.MAkyEBQS9Xgbsu6gcz576HdJMV26R.',NULL,1,1,1,0,NULL,NULL),(124,'candidate24@gmail.com',NULL,'$2y$10$PVsCnZzpIQtaBGZqvQjHde8PSYvzAOsbKVGkQkIpRlqQwb1W.S4GW',NULL,1,1,1,0,NULL,NULL),(125,'candidate25@gmail.com',NULL,'$2y$10$spYHFnN2UlPa752Wy.IO2uGiO8hKPamd2h13rYQF2LY0q3Uc8g8Fq',NULL,1,1,1,0,NULL,NULL),(126,'candidate26@gmail.com',NULL,'$2y$10$Qb9MGW1W276WY00AJjXyC.UEKTySwamizauST1wyCZ5Xa0huHRV9e',NULL,1,1,1,0,NULL,NULL),(127,'candidate27@gmail.com',NULL,'$2y$10$pAsi7q6FVtDq1arVD5SCAelLsvF.PWcmnaPWjTQZf2No6DfS9upmi',NULL,1,1,1,0,NULL,NULL),(128,'candidate28@gmail.com',NULL,'$2y$10$kKgOR7Yx6h26zXyQYa.bMuI6E0C8N7/s0Fs6ET8ESCm3lyzOHoqc6',NULL,1,1,1,0,NULL,NULL),(129,'candidate29@gmail.com',NULL,'$2y$10$3GAhCUhzxZP0TkFpAY5JP.0oDahAXR9/lnOJtBaimvNhqHOlx9wVK',NULL,1,1,1,0,NULL,NULL),(130,'candidate30@gmail.com',NULL,'$2y$10$u6owenOOaQbPhzaP7mc9dumMadKMDnejcxQ4.972IxYN3WtVmrFtO',NULL,1,1,1,0,NULL,NULL),(131,'candidate31@gmail.com',NULL,'$2y$10$ZVpnDHuxrS6cmYRTqLNbi.jMDoM3zIKhoH4R5FLaTYzL/SwViNfgu',NULL,1,1,1,0,NULL,NULL),(132,'candidate32@gmail.com',NULL,'$2y$10$uZwDUVAqktJGyYFurXq0gOLxoToghrQr1YMd7AbWlSYo2ckr81MB2',NULL,1,1,1,0,NULL,NULL),(133,'candidate33@gmail.com',NULL,'$2y$10$Ql6ZtyC57TZHtjzhNOYlJ.dOrfruRssYwSL5nFzaYqyLT8oSBi7dC',NULL,1,1,1,0,NULL,NULL),(134,'candidate34@gmail.com',NULL,'$2y$10$QNv.3esrG5qKi8m9AeCU3.VKD1oWZ/XqAxw3vONyObow2l7h7h/vu',NULL,1,1,1,0,NULL,NULL),(201,'candidate201@gmail.com',NULL,'$2y$10$k21.gfOSDTN0k1M1UxQ2.OlhIyl2anvgv1UiTBR/md2eT2g1YATS6',NULL,1,1,1,0,NULL,NULL),(202,'candidate202@gmail.com',NULL,'$2y$10$75ceR4GfKkN268IPaNYOc.yJ6pQCFc/vBFq4pOy13kQoJBod.bjO.',NULL,1,1,1,0,NULL,NULL),(203,'candidate203@gmail.com',NULL,'$2y$10$Ua7sNMvN0QO5RwE0Eu9DQOhEibBJULIr/vopjskST0OpNtJQenh2a',NULL,1,1,1,0,NULL,NULL),(204,'candidate204@gmail.com',NULL,'$2y$10$xndF3v32sbOaMUIuJGIqiO86VeQ1ND8KWtBLPFzU.SU37gOJHvl..',NULL,1,1,1,0,NULL,NULL),(205,'candidate205@gmail.com',NULL,'$2y$10$gOf2XMpTDLykAl2j18LUheNRDgBhgKRoH9tdIl8xg5CdO.pa5j4T2',NULL,1,1,1,0,NULL,NULL),(206,'candidate206@gmail.com',NULL,'$2y$10$lg4R78pPtDMOfXNY9rN/Ne5tFPps.pG.nDZmzNzQpDLh/tZConTgO',NULL,1,1,1,0,NULL,NULL),(207,'candidate207@gmail.com',NULL,'$2y$10$BNgdvgrD8MrlMPMIjTNOeeOGksx9hmaroZo7j8KfYnHs.JAFcmYaG',NULL,1,1,1,0,NULL,NULL),(208,'candidate208@gmail.com',NULL,'$2y$10$THYwu7i/1Ks7mxj64Fw63OiwU9pqZ/MwHF6KjjscMt3xU.u7.9rxC',NULL,1,1,1,0,NULL,NULL),(209,'candidate209@gmail.com',NULL,'$2y$10$gaMCBqodoHMv0sW860jf4.qtpCHD17VP0SJTS5I/R54jpBCOcGnz.',NULL,1,1,1,0,NULL,NULL),(210,'candidate210@gmail.com',NULL,'$2y$10$k2ORf9Q6c3rc4RcYon5KQOLsNByLaIyiJq3HS/l.VVorZmtHrYIBi',NULL,1,1,1,0,NULL,NULL),(211,'candidate211@gmail.com',NULL,'$2y$10$D5Sn4HjriwqkdEvrYbPZ0eqQNMvXPUJtekoW9q.qrsqYAUTWsWiIe',NULL,1,1,1,0,NULL,NULL),(212,'candidate212@gmail.com',NULL,'$2y$10$dXuOGVhMLkVU7/mCETFb0e2j6DquPkat315fd8DPv6MUosElWD/3y',NULL,1,1,1,0,NULL,NULL),(213,'candidate213@gmail.com',NULL,'$2y$10$axI5ESsVyNcNZ1P.5w8YsOy/a2VwUJaZybpYwqzcJ2z/NSF70amKO',NULL,1,1,1,0,NULL,NULL),(214,'candidate214@gmail.com',NULL,'$2y$10$wpA5f8.FRzbIW.XzYjN4cO57NPu.zgZzGDBbPAjO9adBjMraKe9BK',NULL,1,1,1,0,NULL,NULL),(215,'candidate215@gmail.com',NULL,'$2y$10$AuW6ohN1nLzG3HuBMxSqwedEcugFInjqKOm6PKepoN03S7lgIpWN2',NULL,1,1,1,0,NULL,NULL),(216,'candidate216@gmail.com',NULL,'$2y$10$Z.HbzvOXRqCL8tmU/M29Wejhwk3mkyiTVjLLUAluSONy15TMsUvHm',NULL,1,1,1,0,NULL,NULL),(217,'candidate217@gmail.com',NULL,'$2y$10$8GFHknjGOXBQUg3drTYskuGOdi.EZCChEYc9qn47SSDyW7j0q/4ea',NULL,1,1,1,0,NULL,NULL),(218,'candidate218@gmail.com',NULL,'$2y$10$Wssygv95.6RBpIZ4mRIdO.gU2ljUNz/AcTI.jR6lLOzz/oRhoVssO',NULL,1,1,1,0,NULL,NULL),(219,'candidate219@gmail.com',NULL,'$2y$10$HaGWdjxUeY.eYdIZOYeOAubdtwaepGc0bqaGO81Sa8aJVHbluKrde',NULL,1,1,1,0,NULL,NULL),(220,'candidate220@gmail.com',NULL,'$2y$10$sILW0izAYRqNhPdAWt/c9.S9QOjwRT9c0pvtgcK.I9PhLd0Jub1i2',NULL,1,1,1,0,NULL,NULL),(221,'candidate221@gmail.com',NULL,'$2y$10$1rlBRtMGgc.hfMqTzFXdEeo3G0TbO.weL64QdzmDfhw.ngSTbnLeK',NULL,1,1,1,0,NULL,NULL),(222,'candidate222@gmail.com',NULL,'$2y$10$C17g0aNxGyh.bm0IL/ot9uBC8x/76fvQI2uHMxm0qiZ/QfILuZqna',NULL,1,1,1,0,NULL,NULL),(223,'candidate223@gmail.com',NULL,'$2y$10$BrrSx9AA/9ZGB2.6uAMBMOsdtG2QT.3T.i7DepkXgNwmDjGT/WxHS',NULL,1,1,1,0,NULL,NULL),(224,'candidate224@gmail.com',NULL,'$2y$10$n5F2LRnplycFbYJaoprBA.M5X4sZiuVtyXGAvk7km9Mwq7BLoOKZ.',NULL,1,1,1,0,NULL,NULL),(225,'candidate225@gmail.com',NULL,'$2y$10$MLHgG0Ak.I6KWQ4taGKR2e87gzlNwfpCwGNIyOklDiyDFcCMNJrDO',NULL,1,1,1,0,NULL,NULL),(226,'candidate226@gmail.com',NULL,'$2y$10$t7rqBlS2nXWzi7a/2ibqC.i0DJHnih37HSEYPcAQi.kUmpcKKvexm',NULL,1,1,1,0,NULL,NULL);
/*!40000 ALTER TABLE `users` ENABLE KEYS */;
UNLOCK TABLES;
/*!40103 SET TIME_ZONE=@OLD_TIME_ZONE */;

/*!40101 SET SQL_MODE=@OLD_SQL_MODE */;
/*!40014 SET FOREIGN_KEY_CHECKS=@OLD_FOREIGN_KEY_CHECKS */;
/*!40014 SET UNIQUE_CHECKS=@OLD_UNIQUE_CHECKS */;
/*!40101 SET CHARACTER_SET_CLIENT=@OLD_CHARACTER_SET_CLIENT */;
/*!40101 SET CHARACTER_SET_RESULTS=@OLD_CHARACTER_SET_RESULTS */;
/*!40101 SET COLLATION_CONNECTION=@OLD_COLLATION_CONNECTION */;
/*!40111 SET SQL_NOTES=@OLD_SQL_NOTES */;

-- Dump completed on 2024-07-08 22:22:21
